asset_scope,original_filename,source_relative_path,asset_id,clip_id,clip_index,clip_type,start_time_seconds,end_time_seconds,duration_seconds,width,height,orientation,title,description,tags,industry_tags,scene_tags,shot_tags,people_tags,quality_tags,query_hints,tag_confidence,source_storage_key,clip_storage_key,thumb_storage_key,review_notes
merchant_media_library,001_4551358_120帧升格拍摄烤羊肉串羊排鸽子_compliant.mp4,02_合规尺寸转码测试版/001_4551358_120帧升格拍摄烤羊肉串羊排鸽子_compliant.mp4,4d9ea0fa-7698-53f6-9e19-14404a8e4fc8,fb7630ad-d26c-525c-852e-820625fb0abd,0,full_video,0,76.32,76.32,1280,720,landscape,120帧升格拍摄烤羊肉串羊排鸽子,烤串 羊肉串 肉串等近景画面，来源标题/预览图指向“120帧升格拍摄烤羊肉串羊排鸽子”，适合用作质感细节素材。,横屏、role:bbq_skewer_closeup、lens:detail_proof、餐饮、烧烤店、本地生活、炭火烤炉、烤串制作、夜市、大排档、烧烤摊、羊肉串、肉串、烤串、羊排、烤鸽/乳鸽、食物特写、质感细节、升格慢动作、无明显人物或人物非主体,餐饮、烧烤店、本地生活,炭火烤炉、烤串制作、夜市、大排档、烧烤摊、炭火烤炉,食物特写、质感细节、升格慢动作,无明显人物或人物非主体,公开小样、光厂水印、本地合规转码、待人工最终确认、尺寸合规、codec:h264、长视频待切片审核,120帧升格拍摄烤羊肉串羊排鸽子、烤串特写、羊肉串近景、烧烤肉串、炭火烤炉、烤串制作、夜市、羊肉串、肉串、烤串,0.78,merchant-media/00000000-0000-4000-8000-000000000101/originals/4d9ea0fa-7698-53f6-9e19-14404a8e4fc8/source.mp4,merchant-media/00000000-0000-4000-8000-000000000101/originals/4d9ea0fa-7698-53f6-9e19-14404a8e4fc8/source.mp4,merchant-media/00000000-0000-4000-8000-000000000101/thumbs/4d9ea0fa-7698-53f6-9e19-14404a8e4fc8/fb7630ad-d26c-525c-852e-820625fb0abd.jpg,基于来源标题、文件名、候选元数据和本地 contact sheet 进行保守人工打标；未做完整视频语义模型审核。 该文件超过 45 秒，已生成 segmentPlan，未物理切片。
merchant_media_library,002_43502124_夜市烧烤美食_compliant.mp4,02_合规尺寸转码测试版/002_43502124_夜市烧烤美食_compliant.mp4,feebce2e-fcc7-5a96-af80-d12c0da1ca82,4bd2f65b-81b4-5edf-b0db-ece06c0b7a45,0,full_video,0,6.966667,6.966667,1280,720,landscape,夜市烧烤美食,烤串 羊肉串 肉串等近景画面，来源标题/预览图指向“夜市烧烤美食”，适合用作质感细节素材。,横屏、role:bbq_skewer_closeup、lens:detail_proof、餐饮、烧烤店、本地生活、炭火烤炉、烤串制作、夜市、大排档、烤串、烤鸡、食物特写、质感细节、烟火气、无明显人物或人物非主体,餐饮、烧烤店、本地生活,炭火烤炉、烤串制作、夜市、大排档、炭火烤炉,食物特写、质感细节、烟火气,无明显人物或人物非主体,公开小样、光厂水印、本地合规转码、待人工最终确认、尺寸合规、codec:h264,夜市烧烤美食、烤串特写、羊肉串近景、烧烤肉串、炭火烤炉、烤串制作、夜市、烤串、烤鸡,0.82,merchant-media/00000000-0000-4000-8000-000000000101/originals/feebce2e-fcc7-5a96-af80-d12c0da1ca82/source.mp4,merchant-media/00000000-0000-4000-8000-000000000101/originals/feebce2e-fcc7-5a96-af80-d12c0da1ca82/source.mp4,merchant-media/00000000-0000-4000-8000-000000000101/thumbs/feebce2e-fcc7-5a96-af80-d12c0da1ca82/4bd2f65b-81b4-5edf-b0db-ece06c0b7a45.jpg,基于来源标题、文件名、候选元数据和本地 contact sheet 进行保守人工打标；未做完整视频语义模型审核。
merchant_media_library,003_42177473_新疆羊肉串烧烤摊烟火气_compliant.mp4,02_合规尺寸转码测试版/003_42177473_新疆羊肉串烧烤摊烟火气_compliant.mp4,9ee42e63-5eb2-524d-9439-bf2a2f8f9e2f,a88b42b3-904b-5079-a7ed-c8f4566ec264,0,full_video,0,101.433333,101.433333,1280,720,landscape,新疆羊肉串烧烤摊烟火气,夜市 大排档 小吃街 人流环境或摊位氛围，来源标题/预览图指向“新疆羊肉串烧烤摊烟火气”，适合用作氛围环境素材。,横屏、role:bbq_night_market、lens:atmosphere_context、餐饮、烧烤店、本地生活、夜市、大排档、小吃街、烧烤摊、炭火烤炉、羊肉串、肉串、烤串、环境氛围、夜市场景、制作过程、烟火气、环境空镜、人群入镜,餐饮、烧烤店、本地生活,夜市、大排档、小吃街、夜市、烧烤摊、炭火烤炉、夜市环境,环境氛围、夜市场景、制作过程、烟火气、环境空镜,人群入镜,公开小样、光厂水印、本地合规转码、待人工最终确认、尺寸合规、codec:h264、长视频待切片审核,新疆羊肉串烧烤摊烟火气、夜市烧烤、大排档环境、夜市烟火气、夜市、大排档、小吃街、羊肉串、肉串、烤串,0.78,merchant-media/00000000-0000-4000-8000-000000000101/originals/9ee42e63-5eb2-524d-9439-bf2a2f8f9e2f/source.mp4,merchant-media/00000000-0000-4000-8000-000000000101/originals/9ee42e63-5eb2-524d-9439-bf2a2f8f9e2f/source.mp4,merchant-media/00000000-0000-4000-8000-000000000101/thumbs/9ee42e63-5eb2-524d-9439-bf2a2f8f9e2f/a88b42b3-904b-5079-a7ed-c8f4566ec264.jpg,基于来源标题、文件名、候选元数据和本地 contact sheet 进行保守人工打标；未做完整视频语义模型审核。 该文件超过 45 秒，已生成 segmentPlan，未物理切片。
merchant_media_library,004_8091278_吃烧烤_撸串_嘴部特写_compliant.mp4,02_合规尺寸转码测试版/004_8091278_吃烧烤_撸串_嘴部特写_compliant.mp4,533446c2-d6a0-5a67-bcfd-f3812af96f8f,8d70aee0-dde9-5ced-8114-e43776b825a3,0,full_video,0,7.48,7.48,1280,720,landscape,吃烧烤 撸串 嘴部特写,顾客吃饭 夜宵 聚餐或明确用餐社交，来源标题/预览图指向“吃烧烤 撸串 嘴部特写”，适合用作用餐社交素材。,横屏、role:bbq_customer_eating、lens:social_proof、餐饮、烧烤店、本地生活、夜宵餐桌、堂食/户外用餐、夜市、用餐氛围、人物场景、顾客用餐,餐饮、烧烤店、本地生活,夜宵餐桌、堂食/户外用餐、夜市,用餐氛围、人物场景,顾客用餐,公开小样、光厂水印、本地合规转码、待人工最终确认、尺寸合规、codec:h264,吃烧烤 撸串 嘴部特写、顾客吃烧烤、夜宵聚餐、用餐氛围、夜宵餐桌、堂食/户外用餐、夜市,0.82,merchant-media/00000000-0000-4000-8000-000000000101/originals/533446c2-d6a0-5a67-bcfd-f3812af96f8f/source.mp4,merchant-media/00000000-0000-4000-8000-000000000101/originals/533446c2-d6a0-5a67-bcfd-f3812af96f8f/source.mp4,merchant-media/00000000-0000-4000-8000-000000000101/thumbs/533446c2-d6a0-5a67-bcfd-f3812af96f8f/8d70aee0-dde9-5ced-8114-e43776b825a3.jpg,基于来源标题、文件名、候选元数据和本地 contact sheet 进行保守人工打标；未做完整视频语义模型审核。
merchant_media_library,005_19410502_烧烤烤串竖版_compliant.mp4,02_合规尺寸转码测试版/005_19410502_烧烤烤串竖版_compliant.mp4,df92a13d-11ba-5c85-bb01-228f872c66de,f44c3ec1-c064-59ed-87cf-4d2457c1bf70,0,full_video,0,68.3683,68.3683,720,1280,portrait,烧烤烤串竖版,烤串 羊肉串 肉串等近景画面，来源标题/预览图指向“烧烤烤串竖版”，适合用作质感细节素材。,竖屏、role:bbq_skewer_closeup、lens:detail_proof、餐饮、烧烤店、本地生活、炭火烤炉、烤串制作、夜市、烧烤摊、羊肉串、肉串、烤串、牛肉串、羊排、食物特写、质感细节、制作过程、仅手部入镜或手部操作,餐饮、烧烤店、本地生活,炭火烤炉、烤串制作、夜市、烧烤摊,食物特写、质感细节、制作过程,仅手部入镜或手部操作,公开小样、光厂水印、本地合规转码、待人工最终确认、尺寸合规、codec:h264、长视频待切片审核,烧烤烤串竖版、烤串特写、羊肉串近景、烧烤肉串、炭火烤炉、烤串制作、夜市、羊肉串、肉串、烤串,0.78,merchant-media/00000000-0000-4000-8000-000000000101/originals/df92a13d-11ba-5c85-bb01-228f872c66de/source.mp4,merchant-media/00000000-0000-4000-8000-000000000101/originals/df92a13d-11ba-5c85-bb01-228f872c66de/source.mp4,merchant-media/00000000-0000-4000-8000-000000000101/thumbs/df92a13d-11ba-5c85-bb01-228f872c66de/f44c3ec1-c064-59ed-87cf-4d2457c1bf70.jpg,基于来源标题、文件名、候选元数据和本地 contact sheet 进行保守人工打标；未做完整视频语义模型审核。 该文件超过 45 秒，已生成 segmentPlan，未物理切片。
merchant_media_library,006_5605775_烧烤烤肉烤串羊肉串烤肉串_compliant.mp4,02_合规尺寸转码测试版/006_5605775_烧烤烤肉烤串羊肉串烤肉串_compliant.mp4,7df5678b-2df4-5d50-a547-b6f9d9d3d809,36674bbb-8785-56fa-954a-53b581f3d789,0,full_video,0,46.16,46.16,1280,720,landscape,烧烤烤肉烤串羊肉串烤肉串,烤串 羊肉串 肉串等近景画面，来源标题/预览图指向“烧烤烤肉烤串羊肉串烤肉串”，适合用作质感细节素材。,横屏、role:bbq_skewer_closeup、lens:detail_proof、餐饮、烧烤店、本地生活、炭火烤炉、烤串制作、夜市、小吃街、烧烤摊、羊肉串、肉串、烤串、食物特写、质感细节、无明显人物或人物非主体,餐饮、烧烤店、本地生活,炭火烤炉、烤串制作、夜市、小吃街、烧烤摊、炭火烤炉,食物特写、质感细节,无明显人物或人物非主体,公开小样、光厂水印、本地合规转码、待人工最终确认、尺寸合规、codec:h264、长视频待切片审核,烧烤烤肉烤串羊肉串烤肉串、烤串特写、羊肉串近景、烧烤肉串、炭火烤炉、烤串制作、夜市、羊肉串、肉串、烤串,0.78,merchant-media/00000000-0000-4000-8000-000000000101/originals/7df5678b-2df4-5d50-a547-b6f9d9d3d809/source.mp4,merchant-media/00000000-0000-4000-8000-000000000101/originals/7df5678b-2df4-5d50-a547-b6f9d9d3d809/source.mp4,merchant-media/00000000-0000-4000-8000-000000000101/thumbs/7df5678b-2df4-5d50-a547-b6f9d9d3d809/36674bbb-8785-56fa-954a-53b581f3d789.jpg,基于来源标题、文件名、候选元数据和本地 contact sheet 进行保守人工打标；未做完整视频语义模型审核。 该文件超过 45 秒，已生成 segmentPlan，未物理切片。
merchant_media_library,007_7433528_火焰烤肉羊肉串_compliant.mp4,02_合规尺寸转码测试版/007_7433528_火焰烤肉羊肉串_compliant.mp4,3b665f39-a89d-509f-abd2-621e0fabf7ae,d53eb29d-8166-5be9-a10f-f3d5b4b7558e,0,full_video,0,9.166667,9.166667,1280,720,landscape,火焰烤肉羊肉串,火焰 炭火 烟气或明火烹饪画面，来源标题/预览图指向“火焰烤肉羊肉串”，适合用作转场细节素材。,横屏、role:bbq_grill_fire、lens:transition_detail、餐饮、烧烤店、本地生活、炭火烤炉、明火烹饪、夜市、明火、明火/炭火、羊肉串、肉串、烤串、火焰烟气、动作转场、制作过程、仅手部入镜或手部操作,餐饮、烧烤店、本地生活,炭火烤炉、明火烹饪、夜市、炭火烤炉、明火、明火/炭火,火焰烟气、动作转场、制作过程,仅手部入镜或手部操作,公开小样、光厂水印、本地合规转码、待人工最终确认、尺寸合规、codec:h264,火焰烤肉羊肉串、烧烤火焰、炭火烟气、明火转场、炭火烤炉、明火烹饪、夜市、羊肉串、肉串、烤串,0.82,merchant-media/00000000-0000-4000-8000-000000000101/originals/3b665f39-a89d-509f-abd2-621e0fabf7ae/source.mp4,merchant-media/00000000-0000-4000-8000-000000000101/originals/3b665f39-a89d-509f-abd2-621e0fabf7ae/source.mp4,merchant-media/00000000-0000-4000-8000-000000000101/thumbs/3b665f39-a89d-509f-abd2-621e0fabf7ae/d53eb29d-8166-5be9-a10f-f3d5b4b7558e.jpg,基于来源标题、文件名、候选元数据和本地 contact sheet 进行保守人工打标；未做完整视频语义模型审核。
merchant_media_library,008_6085137_高帧升格烧烤烤串_compliant.mp4,02_合规尺寸转码测试版/008_6085137_高帧升格烧烤烤串_compliant.mp4,1f64c81c-fb3a-5d51-b0d5-65c0f6cbd81a,7501dbeb-03e0-5490-94af-8cb0acd92156,0,full_video,0,14.230883,14.230883,1280,720,landscape,高帧升格烧烤烤串,烤串 羊肉串 肉串等近景画面，来源标题/预览图指向“高帧升格烧烤烤串”，适合用作质感细节素材。,横屏、role:bbq_skewer_closeup、lens:detail_proof、餐饮、烧烤店、本地生活、炭火烤炉、烤串制作、夜市、羊肉串、肉串、烤串、牛肉串、食物特写、质感细节、升格慢动作、无明显人物或人物非主体,餐饮、烧烤店、本地生活,炭火烤炉、烤串制作、夜市、炭火烤炉,食物特写、质感细节、升格慢动作,无明显人物或人物非主体,公开小样、光厂水印、本地合规转码、待人工最终确认、尺寸合规、codec:h264,高帧升格烧烤烤串、烤串特写、羊肉串近景、烧烤肉串、炭火烤炉、烤串制作、夜市、羊肉串、肉串、烤串,0.82,merchant-media/00000000-0000-4000-8000-000000000101/originals/1f64c81c-fb3a-5d51-b0d5-65c0f6cbd81a/source.mp4,merchant-media/00000000-0000-4000-8000-000000000101/originals/1f64c81c-fb3a-5d51-b0d5-65c0f6cbd81a/source.mp4,merchant-media/00000000-0000-4000-8000-000000000101/thumbs/1f64c81c-fb3a-5d51-b0d5-65c0f6cbd81a/7501dbeb-03e0-5490-94af-8cb0acd92156.jpg,基于来源标题、文件名、候选元数据和本地 contact sheet 进行保守人工打标；未做完整视频语义模型审核。
merchant_media_library,009_7034103_烤串_自助烤串_烧烤_美食_compliant.mp4,02_合规尺寸转码测试版/009_7034103_烤串_自助烤串_烧烤_美食_compliant.mp4,29af4701-67bb-5ba1-8d14-09b4aa80b590,2e5b71b2-60fe-52fb-861c-537fa2812c66,0,full_video,0,87.6,87.6,1280,720,landscape,烤串 自助烤串 烧烤 美食,桌面食物 自助烤肉 卷饼等桌面/餐台展示，来源标题/预览图指向“烤串 自助烤串 烧烤 美食”，适合用作菜品展示素材。,横屏、role:bbq_dining_table、lens:menu_showcase、餐饮、烧烤店、本地生活、餐桌/餐台、自助烧烤、大排档、炭火烤炉、羊肉串、肉串、烤串、菜品展示、食物展示、无明显人物或人物非主体,餐饮、烧烤店、本地生活,餐桌/餐台、自助烧烤、大排档、炭火烤炉,菜品展示、食物展示,无明显人物或人物非主体,公开小样、光厂水印、本地合规转码、待人工最终确认、尺寸合规、codec:h264、长视频待切片审核,烤串 自助烤串 烧烤 美食、桌面烧烤、自助烤肉、菜品展示、餐桌/餐台、自助烧烤、大排档、羊肉串、肉串、烤串,0.78,merchant-media/00000000-0000-4000-8000-000000000101/originals/29af4701-67bb-5ba1-8d14-09b4aa80b590/source.mp4,merchant-media/00000000-0000-4000-8000-000000000101/originals/29af4701-67bb-5ba1-8d14-09b4aa80b590/source.mp4,merchant-media/00000000-0000-4000-8000-000000000101/thumbs/29af4701-67bb-5ba1-8d14-09b4aa80b590/2e5b71b2-60fe-52fb-861c-537fa2812c66.jpg,基于来源标题、文件名、候选元数据和本地 contact sheet 进行保守人工打标；未做完整视频语义模型审核。 该文件超过 45 秒，已生成 segmentPlan，未物理切片。
merchant_media_library,010_10296631_烧烤_烤串_串店2_compliant.mp4,02_合规尺寸转码测试版/010_10296631_烧烤_烤串_串店2_compliant.mp4,ec58d40a-903e-52a6-a5a5-66ceee1b71be,64aea787-a28a-5c45-b77d-e111aae25fea,0,full_video,0,116.0,116.0,1280,720,landscape,烧烤 烤串 串店2,烤串 羊肉串 肉串等近景画面，来源标题/预览图指向“烧烤 烤串 串店2”，适合用作菜品展示素材。,横屏、role:bbq_skewer_closeup、lens:menu_showcase、餐饮、烧烤店、本地生活、炭火烤炉、烤串制作、夜市、大排档、羊肉串、肉串、烤串、生蚝、菜品展示、食物展示、烟火气、无明显人物或人物非主体,餐饮、烧烤店、本地生活,炭火烤炉、烤串制作、夜市、大排档、炭火烤炉,菜品展示、食物展示、烟火气,无明显人物或人物非主体,公开小样、光厂水印、本地合规转码、待人工最终确认、尺寸合规、codec:h264、长视频待切片审核,烧烤 烤串 串店2、烤串特写、羊肉串近景、烧烤肉串、炭火烤炉、烤串制作、夜市、羊肉串、肉串、烤串,0.78,merchant-media/00000000-0000-4000-8000-000000000101/originals/ec58d40a-903e-52a6-a5a5-66ceee1b71be/source.mp4,merchant-media/00000000-0000-4000-8000-000000000101/originals/ec58d40a-903e-52a6-a5a5-66ceee1b71be/source.mp4,merchant-media/00000000-0000-4000-8000-000000000101/thumbs/ec58d40a-903e-52a6-a5a5-66ceee1b71be/64aea787-a28a-5c45-b77d-e111aae25fea.jpg,基于来源标题、文件名、候选元数据和本地 contact sheet 进行保守人工打标；未做完整视频语义模型审核。 该文件超过 45 秒，已生成 segmentPlan，未物理切片。
merchant_media_library,011_29846854_锦州炭火烧烤羊肉串_compliant.mp4,02_合规尺寸转码测试版/011_29846854_锦州炭火烧烤羊肉串_compliant.mp4,82748945-1c94-59cb-acb0-ae3b2a3775f3,1b51393d-72ab-5b7e-a928-1ef99720f2d2,0,full_video,0,73.633333,73.633333,1280,720,landscape,锦州炭火烧烤羊肉串,烤串 羊肉串 肉串等近景画面，来源标题/预览图指向“锦州炭火烧烤羊肉串”，适合用作制作过程素材。,横屏、role:bbq_skewer_closeup、lens:process_detail、餐饮、烧烤店、本地生活、炭火烤炉、烤串制作、夜市、大排档、羊肉串、肉串、烤串、制作过程、手部操作、仅手部入镜或手部操作,餐饮、烧烤店、本地生活,炭火烤炉、烤串制作、夜市、大排档、炭火烤炉,制作过程、手部操作、制作过程,仅手部入镜或手部操作,公开小样、光厂水印、本地合规转码、待人工最终确认、尺寸合规、codec:h264、长视频待切片审核,锦州炭火烧烤羊肉串、烤串特写、羊肉串近景、烧烤肉串、炭火烤炉、烤串制作、夜市、羊肉串、肉串、烤串,0.78,merchant-media/00000000-0000-4000-8000-000000000101/originals/82748945-1c94-59cb-acb0-ae3b2a3775f3/source.mp4,merchant-media/00000000-0000-4000-8000-000000000101/originals/82748945-1c94-59cb-acb0-ae3b2a3775f3/source.mp4,merchant-media/00000000-0000-4000-8000-000000000101/thumbs/82748945-1c94-59cb-acb0-ae3b2a3775f3/1b51393d-72ab-5b7e-a928-1ef99720f2d2.jpg,基于来源标题、文件名、候选元数据和本地 contact sheet 进行保守人工打标；未做完整视频语义模型审核。 该文件超过 45 秒，已生成 segmentPlan，未物理切片。
merchant_media_library,012_43270893_滋滋冒油的烤串特写_compliant.mp4,02_合规尺寸转码测试版/012_43270893_滋滋冒油的烤串特写_compliant.mp4,db42a457-d60a-5290-aedf-4698a3d74c38,cebdff76-e01f-50ae-b554-027dd015d685,0,full_video,0,15.015,15.015,720,1280,portrait,滋滋冒油的烤串特写,烤串 羊肉串 肉串等近景画面，来源标题/预览图指向“滋滋冒油的烤串特写”，适合用作质感细节素材。,竖屏、role:bbq_skewer_closeup、lens:detail_proof、餐饮、烧烤店、本地生活、炭火烤炉、烤串制作、烤串、食物特写、质感细节、滋滋冒油、烟火气、无明显人物或人物非主体,餐饮、烧烤店、本地生活,炭火烤炉、烤串制作、炭火烤炉,食物特写、质感细节、滋滋冒油、烟火气,无明显人物或人物非主体,公开小样、光厂水印、本地合规转码、待人工最终确认、尺寸合规、codec:h264,滋滋冒油的烤串特写、烤串特写、羊肉串近景、烧烤肉串、炭火烤炉、烤串制作、烤串,0.82,merchant-media/00000000-0000-4000-8000-000000000101/originals/db42a457-d60a-5290-aedf-4698a3d74c38/source.mp4,merchant-media/00000000-0000-4000-8000-000000000101/originals/db42a457-d60a-5290-aedf-4698a3d74c38/source.mp4,merchant-media/00000000-0000-4000-8000-000000000101/thumbs/db42a457-d60a-5290-aedf-4698a3d74c38/cebdff76-e01f-50ae-b554-027dd015d685.jpg,基于来源标题、文件名、候选元数据和本地 contact sheet 进行保守人工打标；未做完整视频语义模型审核。
merchant_media_library,013_6159722_户外烧烤摊延时摄影_compliant.mp4,02_合规尺寸转码测试版/013_6159722_户外烧烤摊延时摄影_compliant.mp4,75e8c6f9-2010-57fb-8671-477e7f3a7adb,229fd61d-efa7-5e92-b655-89491ed1078a,0,full_video,0,22.756067,22.756067,1280,720,landscape,户外烧烤摊延时摄影,夜市 大排档 小吃街 人流环境或摊位氛围，来源标题/预览图指向“户外烧烤摊延时摄影”，适合用作氛围环境素材。,横屏、role:bbq_night_market、lens:atmosphere_context、餐饮、烧烤店、本地生活、夜市、大排档、小吃街、烧烤摊、夜市环境、环境氛围、夜市场景、延时摄影、烟火气、环境空镜、人群入镜,餐饮、烧烤店、本地生活,夜市、大排档、小吃街、夜市、烧烤摊、夜市环境,环境氛围、夜市场景、延时摄影、烟火气、环境空镜,人群入镜,公开小样、光厂水印、本地合规转码、待人工最终确认、尺寸合规、codec:h264,户外烧烤摊延时摄影、夜市烧烤、大排档环境、夜市烟火气、夜市、大排档、小吃街,0.82,merchant-media/00000000-0000-4000-8000-000000000101/originals/75e8c6f9-2010-57fb-8671-477e7f3a7adb/source.mp4,merchant-media/00000000-0000-4000-8000-000000000101/originals/75e8c6f9-2010-57fb-8671-477e7f3a7adb/source.mp4,merchant-media/00000000-0000-4000-8000-000000000101/thumbs/75e8c6f9-2010-57fb-8671-477e7f3a7adb/229fd61d-efa7-5e92-b655-89491ed1078a.jpg,基于来源标题、文件名、候选元数据和本地 contact sheet 进行保守人工打标；未做完整视频语义模型审核。
merchant_media_library,014_43270886_夜市烧烤烟火气十足_compliant.mp4,02_合规尺寸转码测试版/014_43270886_夜市烧烤烟火气十足_compliant.mp4,42582c51-6d93-5ec6-b5ee-be99a4afb7e0,3427286f-2e7e-560f-b859-86d56f9d88aa,0,full_video,0,26.5265,26.5265,720,1280,portrait,夜市烧烤烟火气十足,夜市 大排档 小吃街 人流环境或摊位氛围，来源标题/预览图指向“夜市烧烤烟火气十足”，适合用作氛围环境素材。,竖屏、role:bbq_night_market、lens:atmosphere_context、餐饮、烧烤店、本地生活、夜市、大排档、小吃街、烧烤摊、羊肉串、肉串、烤串、环境氛围、夜市场景、烟火气、环境空镜、无明显人物或人物非主体,餐饮、烧烤店、本地生活,夜市、大排档、小吃街、夜市、大排档、烧烤摊、炭火烤炉、夜市环境,环境氛围、夜市场景、烟火气、环境空镜,无明显人物或人物非主体,公开小样、光厂水印、本地合规转码、待人工最终确认、尺寸合规、codec:h264,夜市烧烤烟火气十足、夜市烧烤、大排档环境、夜市烟火气、夜市、大排档、小吃街、羊肉串、肉串、烤串,0.82,merchant-media/00000000-0000-4000-8000-000000000101/originals/42582c51-6d93-5ec6-b5ee-be99a4afb7e0/source.mp4,merchant-media/00000000-0000-4000-8000-000000000101/originals/42582c51-6d93-5ec6-b5ee-be99a4afb7e0/source.mp4,merchant-media/00000000-0000-4000-8000-000000000101/thumbs/42582c51-6d93-5ec6-b5ee-be99a4afb7e0/3427286f-2e7e-560f-b859-86d56f9d88aa.jpg,基于来源标题、文件名、候选元数据和本地 contact sheet 进行保守人工打标；未做完整视频语义模型审核。
merchant_media_library,015_8317380_羊肉串_烤串_烧烤_肉串_烤肉_烤羊肉串_compliant.mp4,02_合规尺寸转码测试版/015_8317380_羊肉串_烤串_烧烤_肉串_烤肉_烤羊肉串_compliant.mp4,26b3cff4-ad80-56a8-a8c0-f3ca216ad7a2,dc53c0cd-f2a4-52ba-88f4-4b7e756e8849,0,full_video,0,17.041667,17.041667,1280,720,landscape,烤串近景 015,烤串 羊肉串 肉串等近景画面，来源标题/预览图指向“羊肉串 烤串 烧烤 肉串 烤肉 烤羊肉串”，适合用作菜品展示素材。,横屏、role:bbq_skewer_closeup、lens:menu_showcase、餐饮、烧烤店、本地生活、炭火烤炉、烤串制作、夜市、羊肉串、肉串、烤串、菜品展示、食物展示、无明显人物或人物非主体,餐饮、烧烤店、本地生活,炭火烤炉、烤串制作、夜市、炭火烤炉,菜品展示、食物展示,无明显人物或人物非主体,公开小样、光厂水印、本地合规转码、待人工最终确认、尺寸合规、codec:h264,羊肉串 烤串 烧烤 肉串 烤肉 烤羊肉串、烤串特写、羊肉串近景、烧烤肉串、炭火烤炉、烤串制作、夜市、羊肉串、肉串、烤串,0.82,merchant-media/00000000-0000-4000-8000-000000000101/originals/26b3cff4-ad80-56a8-a8c0-f3ca216ad7a2/source.mp4,merchant-media/00000000-0000-4000-8000-000000000101/originals/26b3cff4-ad80-56a8-a8c0-f3ca216ad7a2/source.mp4,merchant-media/00000000-0000-4000-8000-000000000101/thumbs/26b3cff4-ad80-56a8-a8c0-f3ca216ad7a2/dc53c0cd-f2a4-52ba-88f4-4b7e756e8849.jpg,基于来源标题、文件名、候选元数据和本地 contact sheet 进行保守人工打标；未做完整视频语义模型审核。
merchant_media_library,016_5363066_烤羊肉串、烧烤、烤串、串、美食_compliant.mp4,02_合规尺寸转码测试版/016_5363066_烤羊肉串、烧烤、烤串、串、美食_compliant.mp4,79229a83-aeba-5b6e-8830-f69a59038265,00b03217-3f58-52e7-909f-1dfbafbf81bf,0,full_video,0,125.2,125.2,1280,720,landscape,烤羊肉串 烧烤 烤串 串 美食,烤串 羊肉串 肉串等近景画面，来源标题/预览图指向“烤羊肉串 烧烤 烤串 串 美食”，适合用作质感细节素材。,横屏、role:bbq_skewer_closeup、lens:detail_proof、餐饮、烧烤店、本地生活、炭火烤炉、烤串制作、夜市、大排档、羊肉串、肉串、烤串、食物特写、质感细节、无明显人物或人物非主体,餐饮、烧烤店、本地生活,炭火烤炉、烤串制作、夜市、大排档、炭火烤炉,食物特写、质感细节,无明显人物或人物非主体,公开小样、光厂水印、本地合规转码、待人工最终确认、尺寸合规、codec:h264、长视频待切片审核,烤羊肉串 烧烤 烤串 串 美食、烤串特写、羊肉串近景、烧烤肉串、炭火烤炉、烤串制作、夜市、羊肉串、肉串、烤串,0.78,merchant-media/00000000-0000-4000-8000-000000000101/originals/79229a83-aeba-5b6e-8830-f69a59038265/source.mp4,merchant-media/00000000-0000-4000-8000-000000000101/originals/79229a83-aeba-5b6e-8830-f69a59038265/source.mp4,merchant-media/00000000-0000-4000-8000-000000000101/thumbs/79229a83-aeba-5b6e-8830-f69a59038265/00b03217-3f58-52e7-909f-1dfbafbf81bf.jpg,基于来源标题、文件名、候选元数据和本地 contact sheet 进行保守人工打标；未做完整视频语义模型审核。 该文件超过 45 秒，已生成 segmentPlan，未物理切片。
merchant_media_library,017_3652531_烧烤烤肉烤串羊肉串_compliant.mp4,02_合规尺寸转码测试版/017_3652531_烧烤烤肉烤串羊肉串_compliant.mp4,04cfb15f-81d5-59ad-94dc-21c814360fdc,ff642bd7-dcb3-5794-a96c-9c1c2434a563,0,full_video,0,13.28,13.28,1280,720,landscape,烧烤烤肉烤串羊肉串,烤串 羊肉串 肉串等近景画面，来源标题/预览图指向“烧烤烤肉烤串羊肉串”，适合用作质感细节素材。,横屏、role:bbq_skewer_closeup、lens:detail_proof、餐饮、烧烤店、本地生活、炭火烤炉、烤串制作、夜市、大排档、羊肉串、肉串、烤串、食物特写、质感细节、无明显人物或人物非主体,餐饮、烧烤店、本地生活,炭火烤炉、烤串制作、夜市、大排档、炭火烤炉,食物特写、质感细节,无明显人物或人物非主体,公开小样、光厂水印、本地合规转码、待人工最终确认、尺寸合规、codec:h264,烧烤烤肉烤串羊肉串、烤串特写、羊肉串近景、烧烤肉串、炭火烤炉、烤串制作、夜市、羊肉串、肉串、烤串,0.82,merchant-media/00000000-0000-4000-8000-000000000101/originals/04cfb15f-81d5-59ad-94dc-21c814360fdc/source.mp4,merchant-media/00000000-0000-4000-8000-000000000101/originals/04cfb15f-81d5-59ad-94dc-21c814360fdc/source.mp4,merchant-media/00000000-0000-4000-8000-000000000101/thumbs/04cfb15f-81d5-59ad-94dc-21c814360fdc/ff642bd7-dcb3-5794-a96c-9c1c2434a563.jpg,基于来源标题、文件名、候选元数据和本地 contact sheet 进行保守人工打标；未做完整视频语义模型审核。
merchant_media_library,018_31426304_羊肉串_compliant.mp4,02_合规尺寸转码测试版/018_31426304_羊肉串_compliant.mp4,35449beb-2c6a-5926-a634-1479917e6c74,57ff4c34-e92c-5755-ba4a-c649b9003ebb,0,full_video,0,18.7187,18.7187,720,1280,portrait,羊肉串,烤串 羊肉串 肉串等近景画面，来源标题/预览图指向“羊肉串”，适合用作菜品展示素材。,竖屏、role:bbq_skewer_closeup、lens:menu_showcase、餐饮、烧烤店、本地生活、炭火烤炉、烤串制作、烧烤摊、羊肉串、肉串、烤串、菜品展示、食物展示、无明显人物或人物非主体,餐饮、烧烤店、本地生活,炭火烤炉、烤串制作、烧烤摊,菜品展示、食物展示,无明显人物或人物非主体,公开小样、光厂水印、本地合规转码、待人工最终确认、尺寸合规、codec:h264,羊肉串、烤串特写、羊肉串近景、烧烤肉串、炭火烤炉、烤串制作、烧烤摊、肉串、烤串,0.82,merchant-media/00000000-0000-4000-8000-000000000101/originals/35449beb-2c6a-5926-a634-1479917e6c74/source.mp4,merchant-media/00000000-0000-4000-8000-000000000101/originals/35449beb-2c6a-5926-a634-1479917e6c74/source.mp4,merchant-media/00000000-0000-4000-8000-000000000101/thumbs/35449beb-2c6a-5926-a634-1479917e6c74/57ff4c34-e92c-5755-ba4a-c649b9003ebb.jpg,基于来源标题、文件名、候选元数据和本地 contact sheet 进行保守人工打标；未做完整视频语义模型审核。
merchant_media_library,019_6045914_黑椒_牛肉串_烤串_烧烤_compliant.mp4,02_合规尺寸转码测试版/019_6045914_黑椒_牛肉串_烤串_烧烤_compliant.mp4,b746d0be-e72a-5058-af31-e954c876b333,c0dfd6af-db25-5937-ad4d-f1a116ecce7d,0,full_video,0,13.875,13.875,1280,720,landscape,黑椒 牛肉串 烤串 烧烤,烤串 羊肉串 肉串等近景画面，来源标题/预览图指向“黑椒 牛肉串 烤串 烧烤”，适合用作质感细节素材。,横屏、role:bbq_skewer_closeup、lens:detail_proof、餐饮、烧烤店、本地生活、炭火烤炉、烤串制作、夜市、大排档、烧烤摊、羊肉串、肉串、烤串、牛肉串、食物特写、质感细节、制作过程、仅手部入镜或手部操作,餐饮、烧烤店、本地生活,炭火烤炉、烤串制作、夜市、大排档、烧烤摊,食物特写、质感细节、制作过程,仅手部入镜或手部操作,公开小样、光厂水印、本地合规转码、待人工最终确认、尺寸合规、codec:h264,黑椒 牛肉串 烤串 烧烤、烤串特写、羊肉串近景、烧烤肉串、炭火烤炉、烤串制作、夜市、羊肉串、肉串、烤串,0.82,merchant-media/00000000-0000-4000-8000-000000000101/originals/b746d0be-e72a-5058-af31-e954c876b333/source.mp4,merchant-media/00000000-0000-4000-8000-000000000101/originals/b746d0be-e72a-5058-af31-e954c876b333/source.mp4,merchant-media/00000000-0000-4000-8000-000000000101/thumbs/b746d0be-e72a-5058-af31-e954c876b333/c0dfd6af-db25-5937-ad4d-f1a116ecce7d.jpg,基于来源标题、文件名、候选元数据和本地 contact sheet 进行保守人工打标；未做完整视频语义模型审核。
merchant_media_library,020_7018733_羊肉串辣椒___羊肉_compliant.mp4,02_合规尺寸转码测试版/020_7018733_羊肉串辣椒___羊肉_compliant.mp4,1a7485da-7ddb-5bff-8cb3-3004ab63898d,9ad7734f-55eb-5f6b-94d0-6753016aaec3,0,full_video,0,39.375,39.375,1280,720,landscape,羊肉串辣椒 羊肉,烤串 羊肉串 肉串等近景画面，来源标题/预览图指向“羊肉串辣椒 羊肉”，适合用作菜品展示素材。,横屏、role:bbq_skewer_closeup、lens:menu_showcase、餐饮、烧烤店、本地生活、炭火烤炉、烤串制作、夜市、羊肉串、肉串、烤串、羊排、菜品展示、食物展示、无明显人物或人物非主体,餐饮、烧烤店、本地生活,炭火烤炉、烤串制作、夜市、炭火烤炉,菜品展示、食物展示,无明显人物或人物非主体,公开小样、光厂水印、本地合规转码、待人工最终确认、尺寸合规、codec:h264,羊肉串辣椒 羊肉、烤串特写、羊肉串近景、烧烤肉串、炭火烤炉、烤串制作、夜市、羊肉串、肉串、烤串,0.82,merchant-media/00000000-0000-4000-8000-000000000101/originals/1a7485da-7ddb-5bff-8cb3-3004ab63898d/source.mp4,merchant-media/00000000-0000-4000-8000-000000000101/originals/1a7485da-7ddb-5bff-8cb3-3004ab63898d/source.mp4,merchant-media/00000000-0000-4000-8000-000000000101/thumbs/1a7485da-7ddb-5bff-8cb3-3004ab63898d/9ad7734f-55eb-5f6b-94d0-6753016aaec3.jpg,基于来源标题、文件名、候选元数据和本地 contact sheet 进行保守人工打标；未做完整视频语义模型审核。
merchant_media_library,021_29355380_徐州烧烤_网红烧烤_羊肉串_compliant.mp4,02_合规尺寸转码测试版/021_29355380_徐州烧烤_网红烧烤_羊肉串_compliant.mp4,42bd6bfc-e1e3-5bc0-9031-9c79cb629e61,a463b2bf-bb3e-5dcd-b133-b333cc1df019,0,full_video,0,49.32,49.32,1280,720,landscape,徐州烧烤 烧烤 羊肉串,烤串 羊肉串 肉串等近景画面，来源标题/预览图指向“徐州烧烤 羊肉串”，适合用作氛围环境素材。,横屏、role:bbq_skewer_closeup、lens:atmosphere_context、餐饮、烧烤店、本地生活、炭火烤炉、烤串制作、夜市、烧烤摊、羊肉串、肉串、烤串、环境氛围、夜市场景、无明显人物或人物非主体,餐饮、烧烤店、本地生活,炭火烤炉、烤串制作、夜市、烧烤摊、炭火烤炉,环境氛围、夜市场景,无明显人物或人物非主体,公开小样、光厂水印、本地合规转码、待人工最终确认、尺寸合规、codec:h264、长视频待切片审核,徐州烧烤 羊肉串、烤串特写、羊肉串近景、烧烤肉串、炭火烤炉、烤串制作、夜市、羊肉串、肉串、烤串,0.78,merchant-media/00000000-0000-4000-8000-000000000101/originals/42bd6bfc-e1e3-5bc0-9031-9c79cb629e61/source.mp4,merchant-media/00000000-0000-4000-8000-000000000101/originals/42bd6bfc-e1e3-5bc0-9031-9c79cb629e61/source.mp4,merchant-media/00000000-0000-4000-8000-000000000101/thumbs/42bd6bfc-e1e3-5bc0-9031-9c79cb629e61/a463b2bf-bb3e-5dcd-b133-b333cc1df019.jpg,基于来源标题、文件名、候选元数据和本地 contact sheet 进行保守人工打标；未做完整视频语义模型审核。 该文件超过 45 秒，已生成 segmentPlan，未物理切片。
merchant_media_library,022_3893206_湖南特色美食烤肉烧烤烤串_compliant.mp4,02_合规尺寸转码测试版/022_3893206_湖南特色美食烤肉烧烤烤串_compliant.mp4,39269e5a-8231-5f54-a712-90673b7d104c,90ac8a6d-c055-5380-954c-b3609f9c0dc6,0,full_video,0,56.32,56.32,1280,720,landscape,湖南特色美食烤肉烧烤烤串,烤串 羊肉串 肉串等近景画面，来源标题/预览图指向“湖南特色美食烤肉烧烤烤串”，适合用作菜品展示素材。,横屏、role:bbq_skewer_closeup、lens:menu_showcase、餐饮、烧烤店、本地生活、炭火烤炉、烤串制作、夜市、烤串、菜品展示、食物展示、无明显人物或人物非主体,餐饮、烧烤店、本地生活,炭火烤炉、烤串制作、夜市、炭火烤炉,菜品展示、食物展示,无明显人物或人物非主体,公开小样、光厂水印、本地合规转码、待人工最终确认、尺寸合规、codec:h264、长视频待切片审核,湖南特色美食烤肉烧烤烤串、烤串特写、羊肉串近景、烧烤肉串、炭火烤炉、烤串制作、夜市、烤串,0.78,merchant-media/00000000-0000-4000-8000-000000000101/originals/39269e5a-8231-5f54-a712-90673b7d104c/source.mp4,merchant-media/00000000-0000-4000-8000-000000000101/originals/39269e5a-8231-5f54-a712-90673b7d104c/source.mp4,merchant-media/00000000-0000-4000-8000-000000000101/thumbs/39269e5a-8231-5f54-a712-90673b7d104c/90ac8a6d-c055-5380-954c-b3609f9c0dc6.jpg,基于来源标题、文件名、候选元数据和本地 contact sheet 进行保守人工打标；未做完整视频语义模型审核。 该文件超过 45 秒，已生成 segmentPlan，未物理切片。
merchant_media_library,023_7018722_羊排_羊排分割_羊肉串_compliant.mp4,02_合规尺寸转码测试版/023_7018722_羊排_羊排分割_羊肉串_compliant.mp4,53db31bc-bf0e-5c4a-ba6a-7ba2b076e298,16b488c5-a658-55bc-8f11-cebe49b3c796,0,full_video,0,13.625,13.625,1280,720,landscape,羊排 羊排分割 羊肉串,穿串 切配 翻烤 撒料 制作过程，来源标题/预览图指向“羊排 羊排分割 羊肉串”，适合用作制作过程素材。,横屏、role:bbq_staff_preparation、lens:process_detail、餐饮、烧烤店、本地生活、后厨/烧烤台、食材处理、羊肉串、肉串、烤串、羊排、制作过程、手部操作、切配、仅手部入镜或手部操作,餐饮、烧烤店、本地生活,后厨/烧烤台、食材处理,制作过程、手部操作、切配,仅手部入镜或手部操作,公开小样、光厂水印、本地合规转码、待人工最终确认、尺寸合规、codec:h264,羊排 羊排分割 羊肉串、烧烤制作过程、穿串切配、后厨烧烤台、后厨/烧烤台、食材处理、羊肉串、肉串、烤串,0.82,merchant-media/00000000-0000-4000-8000-000000000101/originals/53db31bc-bf0e-5c4a-ba6a-7ba2b076e298/source.mp4,merchant-media/00000000-0000-4000-8000-000000000101/originals/53db31bc-bf0e-5c4a-ba6a-7ba2b076e298/source.mp4,merchant-media/00000000-0000-4000-8000-000000000101/thumbs/53db31bc-bf0e-5c4a-ba6a-7ba2b076e298/16b488c5-a658-55bc-8f11-cebe49b3c796.jpg,基于来源标题、文件名、候选元数据和本地 contact sheet 进行保守人工打标；未做完整视频语义模型审核。
merchant_media_library,024_43270883_深夜食堂烤串特写_compliant.mp4,02_合规尺寸转码测试版/024_43270883_深夜食堂烤串特写_compliant.mp4,d1b4496d-6014-5534-8a6e-3d4fdf876b60,67e7bf65-c72c-50c1-8dfb-172fd721975c,0,full_video,0,32.032,32.032,720,1280,portrait,深夜食堂烤串特写,烤串 羊肉串 肉串等近景画面，来源标题/预览图指向“深夜食堂烤串特写”，适合用作质感细节素材。,竖屏、role:bbq_skewer_closeup、lens:detail_proof、餐饮、烧烤店、本地生活、炭火烤炉、烤串制作、大排档、烤串、食物特写、质感细节、无明显人物或人物非主体,餐饮、烧烤店、本地生活,炭火烤炉、烤串制作、大排档、炭火烤炉,食物特写、质感细节,无明显人物或人物非主体,公开小样、光厂水印、本地合规转码、待人工最终确认、尺寸合规、codec:h264,深夜食堂烤串特写、烤串特写、羊肉串近景、烧烤肉串、炭火烤炉、烤串制作、大排档、烤串,0.82,merchant-media/00000000-0000-4000-8000-000000000101/originals/d1b4496d-6014-5534-8a6e-3d4fdf876b60/source.mp4,merchant-media/00000000-0000-4000-8000-000000000101/originals/d1b4496d-6014-5534-8a6e-3d4fdf876b60/source.mp4,merchant-media/00000000-0000-4000-8000-000000000101/thumbs/d1b4496d-6014-5534-8a6e-3d4fdf876b60/67e7bf65-c72c-50c1-8dfb-172fd721975c.jpg,基于来源标题、文件名、候选元数据和本地 contact sheet 进行保守人工打标；未做完整视频语义模型审核。
merchant_media_library,025_4002513_羊肉串制作烧烤_compliant.mp4,02_合规尺寸转码测试版/025_4002513_羊肉串制作烧烤_compliant.mp4,863c6757-4482-5dd0-b67c-645852d8e5c9,b17d86f3-6b16-56cb-af84-99e0a969bd20,0,full_video,0,139.4,139.4,1280,720,landscape,羊肉串制作烧烤,穿串 切配 翻烤 撒料 制作过程，来源标题/预览图指向“羊肉串制作烧烤”，适合用作制作过程素材。,横屏、role:bbq_staff_preparation、lens:process_detail、餐饮、烧烤店、本地生活、后厨/烧烤台、食材处理、夜市、羊肉串、肉串、制作过程、手部操作、切配、仅手部入镜或手部操作,餐饮、烧烤店、本地生活,后厨/烧烤台、食材处理、夜市,制作过程、手部操作、制作过程、切配,仅手部入镜或手部操作,公开小样、光厂水印、本地合规转码、待人工最终确认、尺寸合规、codec:h264、长视频待切片审核,羊肉串制作烧烤、烧烤制作过程、穿串切配、后厨烧烤台、后厨/烧烤台、食材处理、夜市、羊肉串、肉串,0.78,merchant-media/00000000-0000-4000-8000-000000000101/originals/863c6757-4482-5dd0-b67c-645852d8e5c9/source.mp4,merchant-media/00000000-0000-4000-8000-000000000101/originals/863c6757-4482-5dd0-b67c-645852d8e5c9/source.mp4,merchant-media/00000000-0000-4000-8000-000000000101/thumbs/863c6757-4482-5dd0-b67c-645852d8e5c9/b17d86f3-6b16-56cb-af84-99e0a969bd20.jpg,基于来源标题、文件名、候选元数据和本地 contact sheet 进行保守人工打标；未做完整视频语义模型审核。 该文件超过 45 秒，已生成 segmentPlan，未物理切片。
merchant_media_library,026_43270880_夜市烧烤鱿鱼串_compliant.mp4,02_合规尺寸转码测试版/026_43270880_夜市烧烤鱿鱼串_compliant.mp4,5475a936-b1d1-5af6-98fd-b42b8b5895d4,042f6532-20f5-520c-b12b-32096edd5c9c,0,full_video,0,52.052,52.052,720,1280,portrait,夜市烧烤鱿鱼串,鱿鱼 生蚝 海螺 鳗鱼等海鲜烤制或展示，来源标题/预览图指向“夜市烧烤鱿鱼串”，适合用作制作过程素材。,竖屏、role:bbq_seafood_grill、lens:process_detail、餐饮、烧烤店、本地生活、海鲜烧烤、烤炉/餐台、夜市、大排档、鱿鱼、海鲜、制作过程、手部操作、无明显人物或人物非主体,餐饮、烧烤店、本地生活,海鲜烧烤、烤炉/餐台、夜市、大排档,制作过程、手部操作,无明显人物或人物非主体,公开小样、光厂水印、本地合规转码、待人工最终确认、尺寸合规、codec:h264、长视频待切片审核,夜市烧烤鱿鱼串、海鲜烧烤、烤生蚝鱿鱼、海鲜烤制、烤炉/餐台、夜市、鱿鱼、海鲜,0.78,merchant-media/00000000-0000-4000-8000-000000000101/originals/5475a936-b1d1-5af6-98fd-b42b8b5895d4/source.mp4,merchant-media/00000000-0000-4000-8000-000000000101/originals/5475a936-b1d1-5af6-98fd-b42b8b5895d4/source.mp4,merchant-media/00000000-0000-4000-8000-000000000101/thumbs/5475a936-b1d1-5af6-98fd-b42b8b5895d4/042f6532-20f5-520c-b12b-32096edd5c9c.jpg,基于来源标题、文件名、候选元数据和本地 contact sheet 进行保守人工打标；未做完整视频语义模型审核。 该文件超过 45 秒，已生成 segmentPlan，未物理切片。
merchant_media_library,027_31818228_夜晚热闹的大排档夜市_compliant.mp4,02_合规尺寸转码测试版/027_31818228_夜晚热闹的大排档夜市_compliant.mp4,285cbeb1-63df-5142-a2c9-314bf727d9c3,bfc24b2b-e6d6-5f03-9af2-048c8cb125d9,0,full_video,0,82.625,82.625,1280,720,landscape,夜晚热闹的大排档夜市,夜市 大排档 小吃街 人流环境或摊位氛围，来源标题/预览图指向“夜晚热闹的大排档夜市”，适合用作开场环境素材。,横屏、role:bbq_night_market、lens:opening_context、餐饮、烧烤店、本地生活、夜市、大排档、小吃街、夜市环境、外景建立、环境交代、环境空镜、无明显人物或人物非主体,餐饮、烧烤店、本地生活,夜市、大排档、小吃街、夜市、大排档、夜市环境,外景建立、环境交代、环境空镜,无明显人物或人物非主体,公开小样、光厂水印、本地合规转码、待人工最终确认、尺寸合规、codec:h264、长视频待切片审核,夜晚热闹的大排档夜市、夜市烧烤、大排档环境、夜市烟火气、夜市、大排档、小吃街,0.78,merchant-media/00000000-0000-4000-8000-000000000101/originals/285cbeb1-63df-5142-a2c9-314bf727d9c3/source.mp4,merchant-media/00000000-0000-4000-8000-000000000101/originals/285cbeb1-63df-5142-a2c9-314bf727d9c3/source.mp4,merchant-media/00000000-0000-4000-8000-000000000101/thumbs/285cbeb1-63df-5142-a2c9-314bf727d9c3/bfc24b2b-e6d6-5f03-9af2-048c8cb125d9.jpg,基于来源标题、文件名、候选元数据和本地 contact sheet 进行保守人工打标；未做完整视频语义模型审核。 该文件超过 45 秒，已生成 segmentPlan，未物理切片。
merchant_media_library,028_9455726_烤全羊_美食_炭烤_舌尖_烧烤_compliant.mp4,02_合规尺寸转码测试版/028_9455726_烤全羊_美食_炭烤_舌尖_烧烤_compliant.mp4,4bad014b-101f-5d6d-b0df-f1e1cbba85f1,b36e0c30-3c21-538e-98f1-f5047ea84ce0,0,full_video,0,35.52,35.52,1280,720,landscape,烤全羊 美食 炭烤 舌尖 烧烤,烤全羊 羊腿 羊排 烤鸽 烤鸡等整肉烤制，来源标题/预览图指向“烤全羊 美食 炭烤 舌尖 烧烤”，适合用作菜品展示素材。,横屏、role:bbq_whole_meat_roast、lens:menu_showcase、餐饮、烧烤店、本地生活、整肉烤制、烤炉/餐台、夜市、大排档、小吃街、烧烤摊、羊肉串、肉串、烤串、烤全羊、烤鸡、生蚝、菜品展示、食物展示、人群入镜,餐饮、烧烤店、本地生活,整肉烤制、烤炉/餐台、夜市、大排档、小吃街、烧烤摊、炭火烤炉,菜品展示、食物展示,人群入镜,公开小样、光厂水印、本地合规转码、待人工最终确认、尺寸合规、codec:h264,烤全羊 美食 炭烤 舌尖 烧烤、烤全羊羊腿、整肉烤制、烤肉展示、烤炉/餐台、夜市、羊肉串、肉串、烤串,0.82,merchant-media/00000000-0000-4000-8000-000000000101/originals/4bad014b-101f-5d6d-b0df-f1e1cbba85f1/source.mp4,merchant-media/00000000-0000-4000-8000-000000000101/originals/4bad014b-101f-5d6d-b0df-f1e1cbba85f1/source.mp4,merchant-media/00000000-0000-4000-8000-000000000101/thumbs/4bad014b-101f-5d6d-b0df-f1e1cbba85f1/b36e0c30-3c21-538e-98f1-f5047ea84ce0.jpg,基于来源标题、文件名、候选元数据和本地 contact sheet 进行保守人工打标；未做完整视频语义模型审核。
merchant_media_library,029_43270873_夜市烧烤鱿鱼串制作_compliant.mp4,02_合规尺寸转码测试版/029_43270873_夜市烧烤鱿鱼串制作_compliant.mp4,e6a7f510-7573-5090-9088-7e3b39fef06d,5c7fb67e-9528-5c4f-868b-31cf9e9e66e0,0,full_video,0,28.028,28.028,720,1280,portrait,夜市烧烤鱿鱼串制作,鱿鱼 生蚝 海螺 鳗鱼等海鲜烤制或展示，来源标题/预览图指向“夜市烧烤鱿鱼串制作”，适合用作制作过程素材。,竖屏、role:bbq_seafood_grill、lens:process_detail、餐饮、烧烤店、本地生活、海鲜烧烤、烤炉/餐台、夜市、鱿鱼、海鲜、制作过程、手部操作、仅手部入镜或手部操作,餐饮、烧烤店、本地生活,海鲜烧烤、烤炉/餐台、夜市,制作过程、手部操作、制作过程,仅手部入镜或手部操作,公开小样、光厂水印、本地合规转码、待人工最终确认、尺寸合规、codec:h264,夜市烧烤鱿鱼串制作、海鲜烧烤、烤生蚝鱿鱼、海鲜烤制、烤炉/餐台、夜市、鱿鱼、海鲜,0.82,merchant-media/00000000-0000-4000-8000-000000000101/originals/e6a7f510-7573-5090-9088-7e3b39fef06d/source.mp4,merchant-media/00000000-0000-4000-8000-000000000101/originals/e6a7f510-7573-5090-9088-7e3b39fef06d/source.mp4,merchant-media/00000000-0000-4000-8000-000000000101/thumbs/e6a7f510-7573-5090-9088-7e3b39fef06d/5c7fb67e-9528-5c4f-868b-31cf9e9e66e0.jpg,基于来源标题、文件名、候选元数据和本地 contact sheet 进行保守人工打标；未做完整视频语义模型审核。
merchant_media_library,030_6398771_夜市烧烤_锦州烧烤_锦州古塔_compliant.mp4,02_合规尺寸转码测试版/030_6398771_夜市烧烤_锦州烧烤_锦州古塔_compliant.mp4,cca990b5-694a-53f0-822d-63d06c9a462e,f631fbeb-a950-5946-a06d-51abbf88672a,0,full_video,0,188.2,188.2,1280,720,landscape,夜市烧烤 锦州烧烤 锦州古塔,夜市 大排档 小吃街 人流环境或摊位氛围，来源标题/预览图指向“夜市烧烤 锦州烧烤 锦州古塔”，适合用作开场环境素材。,横屏、role:bbq_night_market、lens:opening_context、餐饮、烧烤店、本地生活、夜市、大排档、小吃街、夜市环境、烤串、外景建立、环境交代、环境空镜、仅手部入镜或手部操作,餐饮、烧烤店、本地生活,夜市、大排档、小吃街、夜市、夜市环境,外景建立、环境交代、环境空镜,仅手部入镜或手部操作,公开小样、光厂水印、本地合规转码、待人工最终确认、尺寸合规、codec:h264、长视频待切片审核,夜市烧烤 锦州烧烤 锦州古塔、夜市烧烤、大排档环境、夜市烟火气、夜市、大排档、小吃街、烤串,0.78,merchant-media/00000000-0000-4000-8000-000000000101/originals/cca990b5-694a-53f0-822d-63d06c9a462e/source.mp4,merchant-media/00000000-0000-4000-8000-000000000101/originals/cca990b5-694a-53f0-822d-63d06c9a462e/source.mp4,merchant-media/00000000-0000-4000-8000-000000000101/thumbs/cca990b5-694a-53f0-822d-63d06c9a462e/f631fbeb-a950-5946-a06d-51abbf88672a.jpg,基于来源标题、文件名、候选元数据和本地 contact sheet 进行保守人工打标；未做完整视频语义模型审核。 该文件超过 45 秒，已生成 segmentPlan，未物理切片。
merchant_media_library,031_7380318_内蒙古炭火烤羊腿_compliant.mp4,02_合规尺寸转码测试版/031_7380318_内蒙古炭火烤羊腿_compliant.mp4,00405103-fc2d-5154-abea-fd76a505d18d,39b38911-74b2-5cab-9412-54a8c3022d6a,0,full_video,0,26.2262,26.2262,1280,720,landscape,内蒙古炭火烤羊腿,烤全羊 羊腿 羊排 烤鸽 烤鸡等整肉烤制，来源标题/预览图指向“内蒙古炭火烤羊腿”，适合用作菜品展示素材。,横屏、role:bbq_whole_meat_roast、lens:menu_showcase、餐饮、烧烤店、本地生活、整肉烤制、烤炉/餐台、夜市、烧烤摊、炭火烤炉、肉串、羊腿、烤全羊、菜品展示、食物展示、制作过程、切配、仅手部入镜或手部操作,餐饮、烧烤店、本地生活,整肉烤制、烤炉/餐台、夜市、烧烤摊、炭火烤炉,菜品展示、食物展示、制作过程、切配,仅手部入镜或手部操作,公开小样、光厂水印、本地合规转码、待人工最终确认、尺寸合规、codec:h264,内蒙古炭火烤羊腿、烤全羊羊腿、整肉烤制、烤肉展示、烤炉/餐台、夜市、肉串、羊腿、烤全羊,0.82,merchant-media/00000000-0000-4000-8000-000000000101/originals/00405103-fc2d-5154-abea-fd76a505d18d/source.mp4,merchant-media/00000000-0000-4000-8000-000000000101/originals/00405103-fc2d-5154-abea-fd76a505d18d/source.mp4,merchant-media/00000000-0000-4000-8000-000000000101/thumbs/00405103-fc2d-5154-abea-fd76a505d18d/39b38911-74b2-5cab-9412-54a8c3022d6a.jpg,基于来源标题、文件名、候选元数据和本地 contact sheet 进行保守人工打标；未做完整视频语义模型审核。
merchant_media_library,032_6405235_蚝情万丈舌尖美味：“鲜”到爆的海鲜烧烤_compliant.mp4,02_合规尺寸转码测试版/032_6405235_蚝情万丈舌尖美味：“鲜”到爆的海鲜烧烤_compliant.mp4,c7748cbd-cdb3-5135-b3a1-fac1a0a2f291,6e4c57fd-4ace-5c4e-bc3b-dee7106388c5,0,full_video,0,29.483333,29.483333,1280,720,landscape,海鲜烧烤素材 032,鱿鱼 生蚝 海螺 鳗鱼等海鲜烤制或展示，来源标题/预览图指向“蚝情万丈舌尖美味：“鲜”到爆的海鲜烧烤”，适合用作菜品展示素材。,横屏、role:bbq_seafood_grill、lens:menu_showcase、餐饮、烧烤店、本地生活、海鲜烧烤、烤炉/餐台、夜市、大排档、烧烤摊、炭火烤炉、烤串、生蚝、海鲜、菜品展示、食物展示、无明显人物或人物非主体,餐饮、烧烤店、本地生活,海鲜烧烤、烤炉/餐台、夜市、大排档、烧烤摊、炭火烤炉,菜品展示、食物展示,无明显人物或人物非主体,公开小样、光厂水印、本地合规转码、待人工最终确认、尺寸合规、codec:h264,蚝情万丈舌尖美味：“鲜”到爆的海鲜烧烤、海鲜烧烤、烤生蚝鱿鱼、海鲜烤制、烤炉/餐台、夜市、烤串、生蚝、海鲜,0.82,merchant-media/00000000-0000-4000-8000-000000000101/originals/c7748cbd-cdb3-5135-b3a1-fac1a0a2f291/source.mp4,merchant-media/00000000-0000-4000-8000-000000000101/originals/c7748cbd-cdb3-5135-b3a1-fac1a0a2f291/source.mp4,merchant-media/00000000-0000-4000-8000-000000000101/thumbs/c7748cbd-cdb3-5135-b3a1-fac1a0a2f291/6e4c57fd-4ace-5c4e-bc3b-dee7106388c5.jpg,基于来源标题、文件名、候选元数据和本地 contact sheet 进行保守人工打标；未做完整视频语义模型审核。
merchant_media_library,033_10723331_高清烧烤特写实拍素材_compliant.mp4,02_合规尺寸转码测试版/033_10723331_高清烧烤特写实拍素材_compliant.mp4,0cd644d9-2892-57f1-ae6c-5c76fa4623df,714790d2-bff0-5bb3-823c-50189ddb3443,0,full_video,0,22.0,22.0,1280,720,landscape,高清烧烤特写实拍素材,烧烤相关食物或泛餐饮近景，来源标题/预览图指向“高清烧烤特写实拍素材”，适合用作质感细节素材。,横屏、role:bbq_food_closeup、lens:detail_proof、餐饮、烧烤店、本地生活、餐饮菜品、烧烤食物、夜市、大排档、烧烤摊、炭火烤炉、肉串、烤串、生蚝、食物特写、质感细节、制作过程、仅手部入镜或手部操作,餐饮、烧烤店、本地生活,餐饮菜品、烧烤食物、夜市、大排档、烧烤摊、炭火烤炉,食物特写、质感细节、制作过程,仅手部入镜或手部操作,公开小样、光厂水印、本地合规转码、待人工最终确认、尺寸合规、codec:h264,高清烧烤特写实拍素材、烧烤菜品、烧烤食物近景、餐饮菜品、烧烤食物、夜市、肉串、烤串、生蚝,0.82,merchant-media/00000000-0000-4000-8000-000000000101/originals/0cd644d9-2892-57f1-ae6c-5c76fa4623df/source.mp4,merchant-media/00000000-0000-4000-8000-000000000101/originals/0cd644d9-2892-57f1-ae6c-5c76fa4623df/source.mp4,merchant-media/00000000-0000-4000-8000-000000000101/thumbs/0cd644d9-2892-57f1-ae6c-5c76fa4623df/714790d2-bff0-5bb3-823c-50189ddb3443.jpg,基于来源标题、文件名、候选元数据和本地 contact sheet 进行保守人工打标；未做完整视频语义模型审核。
merchant_media_library,034_43270899_炭火烧烤美食特写_compliant.mp4,02_合规尺寸转码测试版/034_43270899_炭火烧烤美食特写_compliant.mp4,ec89fd81-0bc7-5681-bb3d-db3320d337a1,149f9e7f-e233-5712-af0d-a52553dd7355,0,full_video,0,16.016,16.016,720,1280,portrait,炭火烧烤美食特写,烤串 羊肉串 肉串等近景画面，来源标题/预览图指向“炭火烧烤美食特写”，适合用作质感细节素材。,竖屏、role:bbq_skewer_closeup、lens:detail_proof、餐饮、烧烤店、本地生活、炭火烤炉、烤串制作、大排档、烧烤摊、烤串、食物特写、质感细节、烟火气、无明显人物或人物非主体,餐饮、烧烤店、本地生活,炭火烤炉、烤串制作、大排档、烧烤摊、炭火烤炉,食物特写、质感细节、烟火气,无明显人物或人物非主体,公开小样、光厂水印、本地合规转码、待人工最终确认、尺寸合规、codec:h264,炭火烧烤美食特写、烤串特写、羊肉串近景、烧烤肉串、炭火烤炉、烤串制作、大排档、烤串,0.82,merchant-media/00000000-0000-4000-8000-000000000101/originals/ec89fd81-0bc7-5681-bb3d-db3320d337a1/source.mp4,merchant-media/00000000-0000-4000-8000-000000000101/originals/ec89fd81-0bc7-5681-bb3d-db3320d337a1/source.mp4,merchant-media/00000000-0000-4000-8000-000000000101/thumbs/ec89fd81-0bc7-5681-bb3d-db3320d337a1/149f9e7f-e233-5712-af0d-a52553dd7355.jpg,基于来源标题、文件名、候选元数据和本地 contact sheet 进行保守人工打标；未做完整视频语义模型审核。
merchant_media_library,035_43019177_诱人海鲜烧烤盛宴美味烧烤小吃合集_compliant.mp4,02_合规尺寸转码测试版/035_43019177_诱人海鲜烧烤盛宴美味烧烤小吃合集_compliant.mp4,cff05d7e-1e36-568e-bb47-e1038a372280,72783a41-9ea8-5b51-b0a4-48831f425d81,0,full_video,0,67.16,67.16,1280,720,landscape,诱人海鲜烧烤盛宴美味烧烤小吃合集,鱿鱼 生蚝 海螺 鳗鱼等海鲜烤制或展示，来源标题/预览图指向“诱人海鲜烧烤盛宴美味烧烤小吃合集”，适合用作菜品展示素材。,横屏、role:bbq_seafood_grill、lens:menu_showcase、餐饮、烧烤店、本地生活、海鲜烧烤、烤炉/餐台、夜市、大排档、烤串、鱿鱼、小龙虾、海鲜、菜品展示、食物展示、无明显人物或人物非主体,餐饮、烧烤店、本地生活,海鲜烧烤、烤炉/餐台、夜市、大排档,菜品展示、食物展示,无明显人物或人物非主体,公开小样、光厂水印、本地合规转码、待人工最终确认、尺寸合规、codec:h264、长视频待切片审核,诱人海鲜烧烤盛宴美味烧烤小吃合集、海鲜烧烤、烤生蚝鱿鱼、海鲜烤制、烤炉/餐台、夜市、烤串、鱿鱼、小龙虾,0.78,merchant-media/00000000-0000-4000-8000-000000000101/originals/cff05d7e-1e36-568e-bb47-e1038a372280/source.mp4,merchant-media/00000000-0000-4000-8000-000000000101/originals/cff05d7e-1e36-568e-bb47-e1038a372280/source.mp4,merchant-media/00000000-0000-4000-8000-000000000101/thumbs/cff05d7e-1e36-568e-bb47-e1038a372280/72783a41-9ea8-5b51-b0a4-48831f425d81.jpg,基于来源标题、文件名、候选元数据和本地 contact sheet 进行保守人工打标；未做完整视频语义模型审核。 该文件超过 45 秒，已生成 segmentPlan，未物理切片。
merchant_media_library,036_13777221_烤肉_compliant.mp4,02_合规尺寸转码测试版/036_13777221_烤肉_compliant.mp4,a40b47dc-8b1f-581d-88c6-05206bd9612d,8df34153-1c0f-5391-9cdf-1be315b6e438,0,full_video,0,19.9199,19.9199,1280,720,landscape,烤肉,烧烤相关食物或泛餐饮近景，来源标题/预览图指向“烤肉”，适合用作菜品展示素材。,横屏、role:bbq_food_closeup、lens:menu_showcase、餐饮、烧烤店、本地生活、餐饮菜品、烧烤食物、烧烤摊、炭火烤炉、肉串、烤串、牛肉串、菜品展示、食物展示、制作过程、仅手部入镜或手部操作,餐饮、烧烤店、本地生活,餐饮菜品、烧烤食物、烧烤摊、炭火烤炉,菜品展示、食物展示、制作过程,仅手部入镜或手部操作,公开小样、光厂水印、本地合规转码、待人工最终确认、尺寸合规、codec:h264,烤肉、烧烤菜品、烧烤食物近景、餐饮菜品、烧烤食物、烧烤摊、肉串、烤串、牛肉串,0.82,merchant-media/00000000-0000-4000-8000-000000000101/originals/a40b47dc-8b1f-581d-88c6-05206bd9612d/source.mp4,merchant-media/00000000-0000-4000-8000-000000000101/originals/a40b47dc-8b1f-581d-88c6-05206bd9612d/source.mp4,merchant-media/00000000-0000-4000-8000-000000000101/thumbs/a40b47dc-8b1f-581d-88c6-05206bd9612d/8df34153-1c0f-5391-9cdf-1be315b6e438.jpg,基于来源标题、文件名、候选元数据和本地 contact sheet 进行保守人工打标；未做完整视频语义模型审核。
merchant_media_library,037_8229755_吃烧烤开啤酒_1_compliant.mp4,02_合规尺寸转码测试版/037_8229755_吃烧烤开啤酒_1_compliant.mp4,ba5588ad-4ea6-52c5-92ed-528350a44e93,655271d0-4fcd-5c5b-b882-910bd4f48363,0,full_video,0,13.24,13.24,1280,720,landscape,吃烧烤开啤酒 1,顾客吃饭 夜宵 聚餐或明确用餐社交，来源标题/预览图指向“吃烧烤开啤酒 1”，适合用作用餐社交素材。,横屏、role:bbq_customer_eating、lens:social_proof、餐饮、烧烤店、本地生活、夜宵餐桌、堂食/户外用餐、夜市、用餐氛围、人物场景、顾客用餐,餐饮、烧烤店、本地生活,夜宵餐桌、堂食/户外用餐、夜市,用餐氛围、人物场景,顾客用餐,公开小样、光厂水印、本地合规转码、待人工最终确认、尺寸合规、codec:h264,吃烧烤开啤酒 1、顾客吃烧烤、夜宵聚餐、用餐氛围、夜宵餐桌、堂食/户外用餐、夜市,0.82,merchant-media/00000000-0000-4000-8000-000000000101/originals/ba5588ad-4ea6-52c5-92ed-528350a44e93/source.mp4,merchant-media/00000000-0000-4000-8000-000000000101/originals/ba5588ad-4ea6-52c5-92ed-528350a44e93/source.mp4,merchant-media/00000000-0000-4000-8000-000000000101/thumbs/ba5588ad-4ea6-52c5-92ed-528350a44e93/655271d0-4fcd-5c5b-b882-910bd4f48363.jpg,基于来源标题、文件名、候选元数据和本地 contact sheet 进行保守人工打标；未做完整视频语义模型审核。
merchant_media_library,038_3303138_烧烤_compliant.mp4,02_合规尺寸转码测试版/038_3303138_烧烤_compliant.mp4,d5fd5acf-f779-5a31-9852-bf0e3c4c42c9,73b88c0b-97a3-5ee5-b649-a2757ec08ab3,0,full_video,0,54.52,54.52,1280,720,landscape,烧烤,烧烤相关食物或泛餐饮近景，来源标题/预览图指向“烧烤”，适合用作菜品展示素材。,横屏、role:bbq_food_closeup、lens:menu_showcase、餐饮、烧烤店、本地生活、餐饮菜品、烧烤食物、夜市、烧烤摊、炭火烤炉、烤串、菜品展示、食物展示、无明显人物或人物非主体,餐饮、烧烤店、本地生活,餐饮菜品、烧烤食物、夜市、烧烤摊、炭火烤炉,菜品展示、食物展示,无明显人物或人物非主体,公开小样、光厂水印、本地合规转码、待人工最终确认、尺寸合规、codec:h264、长视频待切片审核,烧烤、烧烤菜品、烧烤食物近景、餐饮菜品、烧烤食物、夜市、烤串,0.78,merchant-media/00000000-0000-4000-8000-000000000101/originals/d5fd5acf-f779-5a31-9852-bf0e3c4c42c9/source.mp4,merchant-media/00000000-0000-4000-8000-000000000101/originals/d5fd5acf-f779-5a31-9852-bf0e3c4c42c9/source.mp4,merchant-media/00000000-0000-4000-8000-000000000101/thumbs/d5fd5acf-f779-5a31-9852-bf0e3c4c42c9/73b88c0b-97a3-5ee5-b649-a2757ec08ab3.jpg,基于来源标题、文件名、候选元数据和本地 contact sheet 进行保守人工打标；未做完整视频语义模型审核。 该文件超过 45 秒，已生成 segmentPlan，未物理切片。
merchant_media_library,039_8300148_烧烤合集_compliant.mp4,02_合规尺寸转码测试版/039_8300148_烧烤合集_compliant.mp4,69b7f01b-7056-5b67-b03f-d7e750d61c2f,f4178029-ac58-5076-82c9-5a76aa421b48,0,full_video,0,28.68,28.68,720,1280,portrait,烧烤合集,烧烤相关食物或泛餐饮近景，来源标题/预览图指向“烧烤合集”，适合用作菜品展示素材。,竖屏、role:bbq_food_closeup、lens:menu_showcase、餐饮、烧烤店、本地生活、餐饮菜品、烧烤食物、夜市、大排档、烤串、生蚝、菜品展示、食物展示、无明显人物或人物非主体,餐饮、烧烤店、本地生活,餐饮菜品、烧烤食物、夜市、大排档,菜品展示、食物展示,无明显人物或人物非主体,公开小样、光厂水印、本地合规转码、待人工最终确认、尺寸合规、codec:h264,烧烤合集、烧烤菜品、烧烤食物近景、餐饮菜品、烧烤食物、夜市、烤串、生蚝,0.82,merchant-media/00000000-0000-4000-8000-000000000101/originals/69b7f01b-7056-5b67-b03f-d7e750d61c2f/source.mp4,merchant-media/00000000-0000-4000-8000-000000000101/originals/69b7f01b-7056-5b67-b03f-d7e750d61c2f/source.mp4,merchant-media/00000000-0000-4000-8000-000000000101/thumbs/69b7f01b-7056-5b67-b03f-d7e750d61c2f/f4178029-ac58-5076-82c9-5a76aa421b48.jpg,基于来源标题、文件名、候选元数据和本地 contact sheet 进行保守人工打标；未做完整视频语义模型审核。
merchant_media_library,040_4504890_烧烤夜宵高清素材_compliant.mp4,02_合规尺寸转码测试版/040_4504890_烧烤夜宵高清素材_compliant.mp4,1e53d6da-04a1-5fe5-bac3-602ca4a1c0c5,ba80c5f6-f73b-567a-9b6a-20fb3c4d5d11,0,full_video,0,43.08,43.08,1280,720,landscape,烧烤夜宵高清素材,夜市 大排档 小吃街 人流环境或摊位氛围，来源标题/预览图指向“烧烤夜宵高清素材”，适合用作氛围环境素材。,横屏、role:bbq_night_market、lens:atmosphere_context、餐饮、烧烤店、本地生活、夜市、大排档、小吃街、烧烤摊、夜市环境、环境氛围、夜市场景、环境空镜、无明显人物或人物非主体,餐饮、烧烤店、本地生活,夜市、大排档、小吃街、烧烤摊、夜市环境,环境氛围、夜市场景、环境空镜,无明显人物或人物非主体,公开小样、光厂水印、本地合规转码、待人工最终确认、尺寸合规、codec:h264,烧烤夜宵高清素材、夜市烧烤、大排档环境、夜市烟火气、夜市、大排档、小吃街,0.82,merchant-media/00000000-0000-4000-8000-000000000101/originals/1e53d6da-04a1-5fe5-bac3-602ca4a1c0c5/source.mp4,merchant-media/00000000-0000-4000-8000-000000000101/originals/1e53d6da-04a1-5fe5-bac3-602ca4a1c0c5/source.mp4,merchant-media/00000000-0000-4000-8000-000000000101/thumbs/1e53d6da-04a1-5fe5-bac3-602ca4a1c0c5/ba80c5f6-f73b-567a-9b6a-20fb3c4d5d11.jpg,基于来源标题、文件名、候选元数据和本地 contact sheet 进行保守人工打标；未做完整视频语义模型审核。
merchant_media_library,041_37983346_四川美食成都特色小吃_compliant.mp4,02_合规尺寸转码测试版/041_37983346_四川美食成都特色小吃_compliant.mp4,552cdb4d-73e0-596e-98f8-cd687cbd9bcd,e3374f39-08b3-55bb-80bf-abbdcc0b0694,0,full_video,0,74.48,74.48,1280,720,landscape,四川美食成都特色小吃（弱相关）,烧烤相关食物或泛餐饮近景，来源标题/预览图指向“四川美食成都特色小吃”，适合用作菜品展示素材。 该素材与烧烤店主题为弱相关，导入或剪辑前需要人工复核。,横屏、role:bbq_food_closeup、lens:menu_showcase、餐饮、烧烤店、本地生活、餐饮菜品、烧烤食物、夜市、小吃街、烧烤摊、火锅、菜品展示、食物展示、制作过程、仅手部入镜或手部操作,餐饮、烧烤店、本地生活,餐饮菜品、烧烤食物、夜市、小吃街、烧烤摊,菜品展示、食物展示、制作过程,仅手部入镜或手部操作,公开小样、光厂水印、本地合规转码、待人工最终确认、尺寸合规、codec:h264、长视频待切片审核、弱相关素材,四川美食成都特色小吃、烧烤菜品、烧烤食物近景、餐饮菜品、烧烤食物、夜市、火锅,0.68,merchant-media/00000000-0000-4000-8000-000000000101/originals/552cdb4d-73e0-596e-98f8-cd687cbd9bcd/source.mp4,merchant-media/00000000-0000-4000-8000-000000000101/originals/552cdb4d-73e0-596e-98f8-cd687cbd9bcd/source.mp4,merchant-media/00000000-0000-4000-8000-000000000101/thumbs/552cdb4d-73e0-596e-98f8-cd687cbd9bcd/e3374f39-08b3-55bb-80bf-abbdcc0b0694.jpg,基于来源标题、文件名、候选元数据和本地 contact sheet 进行保守人工打标；未做完整视频语义模型审核。 弱相关原因：来源主题为四川特色小吃，烧烤元素不稳定，只作泛餐饮补镜。  该文件超过 45 秒，已生成 segmentPlan，未物理切片。
merchant_media_library,042_40170717_烧烤台_烧鸟_烤肉串滋滋冒烟_compliant.mp4,02_合规尺寸转码测试版/042_40170717_烧烤台_烧鸟_烤肉串滋滋冒烟_compliant.mp4,22f85828-c69f-5530-b0a4-da3967c186eb,d85cc599-3ae8-51f8-9476-dbc30635a7a1,0,full_video,0,10.033333,10.033333,1280,720,landscape,烧烤台 烧鸟 烤肉串滋滋冒烟,穿串 切配 翻烤 撒料 制作过程，来源标题/预览图指向“烧烤台 烧鸟 烤肉串滋滋冒烟”，适合用作制作过程素材。,横屏、role:bbq_staff_preparation、lens:process_detail、餐饮、烧烤店、本地生活、后厨/烧烤台、食材处理、烧烤台、炭火烤炉、肉串、烤串、制作过程、手部操作、烟火气、无明显人物或人物非主体,餐饮、烧烤店、本地生活,后厨/烧烤台、食材处理、烧烤台、炭火烤炉,制作过程、手部操作、烟火气,无明显人物或人物非主体,公开小样、光厂水印、本地合规转码、待人工最终确认、尺寸合规、codec:h264,烧烤台 烧鸟 烤肉串滋滋冒烟、烧烤制作过程、穿串切配、后厨烧烤台、后厨/烧烤台、食材处理、烧烤台、肉串、烤串,0.82,merchant-media/00000000-0000-4000-8000-000000000101/originals/22f85828-c69f-5530-b0a4-da3967c186eb/source.mp4,merchant-media/00000000-0000-4000-8000-000000000101/originals/22f85828-c69f-5530-b0a4-da3967c186eb/source.mp4,merchant-media/00000000-0000-4000-8000-000000000101/thumbs/22f85828-c69f-5530-b0a4-da3967c186eb/d85cc599-3ae8-51f8-9476-dbc30635a7a1.jpg,基于来源标题、文件名、候选元数据和本地 contact sheet 进行保守人工打标；未做完整视频语义模型审核。
merchant_media_library,043_40171531_戴手套穿串生鸡肉特写_compliant.mp4,02_合规尺寸转码测试版/043_40171531_戴手套穿串生鸡肉特写_compliant.mp4,153c1c58-e346-56d5-b278-da2d564cb0be,c587185f-109c-555e-9cc1-3b939002fcf3,0,full_video,0,9.933333,9.933333,720,1280,portrait,戴手套穿串生鸡肉特写,穿串 切配 翻烤 撒料 制作过程，来源标题/预览图指向“戴手套穿串生鸡肉特写”，适合用作制作过程素材。,竖屏、role:bbq_staff_preparation、lens:process_detail、餐饮、烧烤店、本地生活、后厨/烧烤台、食材处理、肉串、烤串、烤鸡、制作过程、手部操作、穿串、仅手部入镜或手部操作,餐饮、烧烤店、本地生活,后厨/烧烤台、食材处理,制作过程、手部操作、制作过程、穿串、手部操作,仅手部入镜或手部操作,公开小样、光厂水印、本地合规转码、待人工最终确认、尺寸合规、codec:h264,戴手套穿串生鸡肉特写、烧烤制作过程、穿串切配、后厨烧烤台、后厨/烧烤台、食材处理、肉串、烤串、烤鸡,0.82,merchant-media/00000000-0000-4000-8000-000000000101/originals/153c1c58-e346-56d5-b278-da2d564cb0be/source.mp4,merchant-media/00000000-0000-4000-8000-000000000101/originals/153c1c58-e346-56d5-b278-da2d564cb0be/source.mp4,merchant-media/00000000-0000-4000-8000-000000000101/thumbs/153c1c58-e346-56d5-b278-da2d564cb0be/c587185f-109c-555e-9cc1-3b939002fcf3.jpg,基于来源标题、文件名、候选元数据和本地 contact sheet 进行保守人工打标；未做完整视频语义模型审核。
merchant_media_library,044_23020079_淄博烧烤卷小饼_compliant.mp4,02_合规尺寸转码测试版/044_23020079_淄博烧烤卷小饼_compliant.mp4,abcffdd6-4c36-5c8b-b098-3ac3a1c2363f,ead99cde-975c-5546-b005-073c2502013d,0,full_video,0,23.433333,23.433333,1280,720,landscape,淄博烧烤卷小饼,桌面食物 自助烤肉 卷饼等桌面/餐台展示，来源标题/预览图指向“淄博烧烤卷小饼”，适合用作菜品展示素材。,横屏、role:bbq_dining_table、lens:menu_showcase、餐饮、烧烤店、本地生活、餐桌/餐台、自助烧烤、烧烤摊、肉串、烤串、菜品展示、食物展示、无明显人物或人物非主体,餐饮、烧烤店、本地生活,餐桌/餐台、自助烧烤、烧烤摊,菜品展示、食物展示,无明显人物或人物非主体,公开小样、光厂水印、本地合规转码、待人工最终确认、尺寸合规、codec:h264,淄博烧烤卷小饼、桌面烧烤、自助烤肉、菜品展示、餐桌/餐台、自助烧烤、烧烤摊、肉串、烤串,0.82,merchant-media/00000000-0000-4000-8000-000000000101/originals/abcffdd6-4c36-5c8b-b098-3ac3a1c2363f/source.mp4,merchant-media/00000000-0000-4000-8000-000000000101/originals/abcffdd6-4c36-5c8b-b098-3ac3a1c2363f/source.mp4,merchant-media/00000000-0000-4000-8000-000000000101/thumbs/abcffdd6-4c36-5c8b-b098-3ac3a1c2363f/ead99cde-975c-5546-b005-073c2502013d.jpg,基于来源标题、文件名、候选元数据和本地 contact sheet 进行保守人工打标；未做完整视频语义模型审核。
merchant_media_library,045_16801660_烤羊烤全羊羊肉烤肉烧烤美食舌尖_compliant.mp4,02_合规尺寸转码测试版/045_16801660_烤羊烤全羊羊肉烤肉烧烤美食舌尖_compliant.mp4,7c42ebf7-8561-5a00-ad15-2bbbb3fb1b3a,6a9d75d5-cb31-503e-bd02-83d5b8cae053,0,full_video,0,32.52,32.52,1280,720,landscape,烤羊烤全羊羊肉烤肉烧烤美食舌尖,烤全羊 羊腿 羊排 烤鸽 烤鸡等整肉烤制，来源标题/预览图指向“烤羊烤全羊羊肉烤肉烧烤美食舌尖”，适合用作菜品展示素材。,横屏、role:bbq_whole_meat_roast、lens:menu_showcase、餐饮、烧烤店、本地生活、整肉烤制、烤炉/餐台、炭火烤炉、烤全羊、菜品展示、食物展示、无明显人物或人物非主体,餐饮、烧烤店、本地生活,整肉烤制、烤炉/餐台、炭火烤炉,菜品展示、食物展示,无明显人物或人物非主体,公开小样、光厂水印、本地合规转码、待人工最终确认、尺寸合规、codec:h264,烤羊烤全羊羊肉烤肉烧烤美食舌尖、烤全羊羊腿、整肉烤制、烤肉展示、烤炉/餐台、炭火烤炉、烤全羊,0.82,merchant-media/00000000-0000-4000-8000-000000000101/originals/7c42ebf7-8561-5a00-ad15-2bbbb3fb1b3a/source.mp4,merchant-media/00000000-0000-4000-8000-000000000101/originals/7c42ebf7-8561-5a00-ad15-2bbbb3fb1b3a/source.mp4,merchant-media/00000000-0000-4000-8000-000000000101/thumbs/7c42ebf7-8561-5a00-ad15-2bbbb3fb1b3a/6a9d75d5-cb31-503e-bd02-83d5b8cae053.jpg,基于来源标题、文件名、候选元数据和本地 contact sheet 进行保守人工打标；未做完整视频语义模型审核。
merchant_media_library,046_38377307_滋滋冒油的烤肉串_火焰炙烤下_compliant.mp4,02_合规尺寸转码测试版/046_38377307_滋滋冒油的烤肉串_火焰炙烤下_compliant.mp4,e792c95a-2ec6-5d7b-9e12-ca8de0958d34,7e781972-ce3f-5b8f-8a97-00884f2f5ac6,0,full_video,0,34.0,34.0,720,1280,portrait,滋滋冒油的烤肉串 火焰炙烤下,火焰 炭火 烟气或明火烹饪画面，来源标题/预览图指向“滋滋冒油的烤肉串 火焰炙烤下”，适合用作质感细节素材。,竖屏、role:bbq_grill_fire、lens:detail_proof、餐饮、烧烤店、本地生活、炭火烤炉、明火烹饪、明火、明火/炭火、羊肉串、肉串、羊排、羊腿、食物特写、质感细节、制作过程、滋滋冒油、烟火气、火焰烟气、仅手部入镜或手部操作,餐饮、烧烤店、本地生活,炭火烤炉、明火烹饪、明火、明火/炭火,食物特写、质感细节、制作过程、滋滋冒油、烟火气、火焰烟气,仅手部入镜或手部操作,公开小样、光厂水印、本地合规转码、待人工最终确认、尺寸合规、codec:h264,滋滋冒油的烤肉串 火焰炙烤下、烧烤火焰、炭火烟气、明火转场、炭火烤炉、明火烹饪、明火、羊肉串、肉串、羊排,0.82,merchant-media/00000000-0000-4000-8000-000000000101/originals/e792c95a-2ec6-5d7b-9e12-ca8de0958d34/source.mp4,merchant-media/00000000-0000-4000-8000-000000000101/originals/e792c95a-2ec6-5d7b-9e12-ca8de0958d34/source.mp4,merchant-media/00000000-0000-4000-8000-000000000101/thumbs/e792c95a-2ec6-5d7b-9e12-ca8de0958d34/7e781972-ce3f-5b8f-8a97-00884f2f5ac6.jpg,基于来源标题、文件名、候选元数据和本地 contact sheet 进行保守人工打标；未做完整视频语义模型审核。
merchant_media_library,047_7476245_烤羊排_羊排_compliant.mp4,02_合规尺寸转码测试版/047_7476245_烤羊排_羊排_compliant.mp4,2d96b13b-4457-588f-95a6-77b94a95fb6f,7af655a7-974d-5dfd-9bf0-8150359be213,0,full_video,0,15.125,15.125,1280,720,landscape,烤羊排 羊排,烤全羊 羊腿 羊排 烤鸽 烤鸡等整肉烤制，来源标题/预览图指向“烤羊排 羊排”，适合用作菜品展示素材。,横屏、role:bbq_whole_meat_roast、lens:menu_showcase、餐饮、烧烤店、本地生活、整肉烤制、烤炉/餐台、炭火烤炉、明火、羊排、菜品展示、食物展示、无明显人物或人物非主体,餐饮、烧烤店、本地生活,整肉烤制、烤炉/餐台、炭火烤炉、明火,菜品展示、食物展示,无明显人物或人物非主体,公开小样、光厂水印、本地合规转码、待人工最终确认、尺寸合规、codec:h264,烤羊排 羊排、烤全羊羊腿、整肉烤制、烤肉展示、烤炉/餐台、炭火烤炉、羊排,0.82,merchant-media/00000000-0000-4000-8000-000000000101/originals/2d96b13b-4457-588f-95a6-77b94a95fb6f/source.mp4,merchant-media/00000000-0000-4000-8000-000000000101/originals/2d96b13b-4457-588f-95a6-77b94a95fb6f/source.mp4,merchant-media/00000000-0000-4000-8000-000000000101/thumbs/2d96b13b-4457-588f-95a6-77b94a95fb6f/7af655a7-974d-5dfd-9bf0-8150359be213.jpg,基于来源标题、文件名、候选元数据和本地 contact sheet 进行保守人工打标；未做完整视频语义模型审核。
merchant_media_library,048_7200119_年轻男女户外夜宵店吃小龙虾烧烤_compliant.mp4,02_合规尺寸转码测试版/048_7200119_年轻男女户外夜宵店吃小龙虾烧烤_compliant.mp4,7c240ccd-6166-574b-8f33-4300b8a37eed,4973d448-2f83-5762-b817-26a68856ee7a,0,full_video,0,36.0,36.0,1280,720,landscape,年轻男女户外夜宵店吃小龙虾烧烤,顾客吃饭 夜宵 聚餐或明确用餐社交，来源标题/预览图指向“年轻男女户外夜宵店吃小龙虾烧烤”，适合用作用餐社交素材。,横屏、role:bbq_customer_eating、lens:social_proof、餐饮、烧烤店、本地生活、夜宵餐桌、堂食/户外用餐、夜市、户外夜宵、小龙虾、用餐氛围、人物场景、顾客用餐,餐饮、烧烤店、本地生活,夜宵餐桌、堂食/户外用餐、夜市、户外夜宵,用餐氛围、人物场景,顾客用餐,公开小样、光厂水印、本地合规转码、待人工最终确认、尺寸合规、codec:h264,年轻男女户外夜宵店吃小龙虾烧烤、顾客吃烧烤、夜宵聚餐、用餐氛围、夜宵餐桌、堂食/户外用餐、夜市、小龙虾,0.82,merchant-media/00000000-0000-4000-8000-000000000101/originals/7c240ccd-6166-574b-8f33-4300b8a37eed/source.mp4,merchant-media/00000000-0000-4000-8000-000000000101/originals/7c240ccd-6166-574b-8f33-4300b8a37eed/source.mp4,merchant-media/00000000-0000-4000-8000-000000000101/thumbs/7c240ccd-6166-574b-8f33-4300b8a37eed/4973d448-2f83-5762-b817-26a68856ee7a.jpg,基于来源标题、文件名、候选元数据和本地 contact sheet 进行保守人工打标；未做完整视频语义模型审核。
merchant_media_library,049_42789576_烧烤_烤面筋_compliant.mp4,02_合规尺寸转码测试版/049_42789576_烧烤_烤面筋_compliant.mp4,7c8eca0c-262e-5db8-95c8-e6a83dca9d58,84e822ff-4714-5ea5-8c71-854bdb85c1d6,0,full_video,0,15.84,15.84,1280,720,landscape,烧烤 烤面筋,烧烤相关食物或泛餐饮近景，来源标题/预览图指向“烧烤 烤面筋”，适合用作菜品展示素材。,横屏、role:bbq_food_closeup、lens:menu_showcase、餐饮、烧烤店、本地生活、餐饮菜品、烧烤食物、夜市、烧烤摊、面筋、菜品展示、食物展示、烟火气、无明显人物或人物非主体,餐饮、烧烤店、本地生活,餐饮菜品、烧烤食物、夜市、烧烤摊,菜品展示、食物展示、烟火气,无明显人物或人物非主体,公开小样、光厂水印、本地合规转码、待人工最终确认、尺寸合规、codec:h264,烧烤 烤面筋、烧烤菜品、烧烤食物近景、餐饮菜品、烧烤食物、夜市、面筋,0.82,merchant-media/00000000-0000-4000-8000-000000000101/originals/7c8eca0c-262e-5db8-95c8-e6a83dca9d58/source.mp4,merchant-media/00000000-0000-4000-8000-000000000101/originals/7c8eca0c-262e-5db8-95c8-e6a83dca9d58/source.mp4,merchant-media/00000000-0000-4000-8000-000000000101/thumbs/7c8eca0c-262e-5db8-95c8-e6a83dca9d58/84e822ff-4714-5ea5-8c71-854bdb85c1d6.jpg,基于来源标题、文件名、候选元数据和本地 contact sheet 进行保守人工打标；未做完整视频语义模型审核。
merchant_media_library,050_10526561_鲜活鳗鱼_烤鳗鱼_鳗鱼_compliant.mp4,02_合规尺寸转码测试版/050_10526561_鲜活鳗鱼_烤鳗鱼_鳗鱼_compliant.mp4,584e1d7e-17ce-5b2e-99ad-0a625af030e7,de919684-279b-5cbe-a954-f450d6812406,0,full_video,0,48.833333,48.833333,1280,720,landscape,鲜活鳗鱼 烤鳗鱼 鳗鱼（弱相关）,鱿鱼 生蚝 海螺 鳗鱼等海鲜烤制或展示，来源标题/预览图指向“鲜活鳗鱼 烤鳗鱼 鳗鱼”，适合用作菜品展示素材。 该素材与烧烤店主题为弱相关，导入或剪辑前需要人工复核。,横屏、role:bbq_seafood_grill、lens:menu_showcase、餐饮、烧烤店、本地生活、海鲜烧烤、烤炉/餐台、炭火烤炉、鳗鱼、海鲜、菜品展示、食物展示、无明显人物或人物非主体,餐饮、烧烤店、本地生活,海鲜烧烤、烤炉/餐台、炭火烤炉,菜品展示、食物展示,无明显人物或人物非主体,公开小样、光厂水印、本地合规转码、待人工最终确认、尺寸合规、codec:h264、长视频待切片审核、弱相关素材,鲜活鳗鱼 烤鳗鱼 鳗鱼、海鲜烧烤、烤生蚝鱿鱼、海鲜烤制、烤炉/餐台、炭火烤炉、鳗鱼、海鲜,0.68,merchant-media/00000000-0000-4000-8000-000000000101/originals/584e1d7e-17ce-5b2e-99ad-0a625af030e7/source.mp4,merchant-media/00000000-0000-4000-8000-000000000101/originals/584e1d7e-17ce-5b2e-99ad-0a625af030e7/source.mp4,merchant-media/00000000-0000-4000-8000-000000000101/thumbs/584e1d7e-17ce-5b2e-99ad-0a625af030e7/de919684-279b-5cbe-a954-f450d6812406.jpg,基于来源标题、文件名、候选元数据和本地 contact sheet 进行保守人工打标；未做完整视频语义模型审核。 弱相关原因：烤鳗鱼可作烤制海鲜补充，但不是典型烧烤店强素材。  该文件超过 45 秒，已生成 segmentPlan，未物理切片。
merchant_media_library,051_43320882_炭火烤肉串滋滋冒油_compliant.mp4,02_合规尺寸转码测试版/051_43320882_炭火烤肉串滋滋冒油_compliant.mp4,cb633588-6db8-5878-878b-d11d6029d484,80431d9e-44f8-5ca9-85e3-be35e05720b4,0,full_video,0,106.0059,106.0059,1280,720,landscape,炭火烤肉串滋滋冒油,烤串 羊肉串 肉串等近景画面，来源标题/预览图指向“炭火烤肉串滋滋冒油”，适合用作质感细节素材。,横屏、role:bbq_skewer_closeup、lens:detail_proof、餐饮、烧烤店、本地生活、炭火烤炉、烤串制作、羊肉串、肉串、烤串、食物特写、质感细节、滋滋冒油、无明显人物或人物非主体,餐饮、烧烤店、本地生活,炭火烤炉、烤串制作、炭火烤炉,食物特写、质感细节、滋滋冒油,无明显人物或人物非主体,公开小样、光厂水印、本地合规转码、待人工最终确认、尺寸合规、codec:h264、长视频待切片审核,炭火烤肉串滋滋冒油、烤串特写、羊肉串近景、烧烤肉串、炭火烤炉、烤串制作、羊肉串、肉串、烤串,0.78,merchant-media/00000000-0000-4000-8000-000000000101/originals/cb633588-6db8-5878-878b-d11d6029d484/source.mp4,merchant-media/00000000-0000-4000-8000-000000000101/originals/cb633588-6db8-5878-878b-d11d6029d484/source.mp4,merchant-media/00000000-0000-4000-8000-000000000101/thumbs/cb633588-6db8-5878-878b-d11d6029d484/80431d9e-44f8-5ca9-85e3-be35e05720b4.jpg,基于来源标题、文件名、候选元数据和本地 contact sheet 进行保守人工打标；未做完整视频语义模型审核。 该文件超过 45 秒，已生成 segmentPlan，未物理切片。
merchant_media_library,052_40171836_烤生蚝特写_compliant.mp4,02_合规尺寸转码测试版/052_40171836_烤生蚝特写_compliant.mp4,d4929865-185c-5d47-b5f3-4f65fb44252d,c303224c-dfc6-5e97-a47f-ae75ff65173e,0,full_video,0,25.3,25.3,720,1280,portrait,烤生蚝特写,鱿鱼 生蚝 海螺 鳗鱼等海鲜烤制或展示，来源标题/预览图指向“烤生蚝特写”，适合用作质感细节素材。,竖屏、role:bbq_seafood_grill、lens:detail_proof、餐饮、烧烤店、本地生活、海鲜烧烤、烤炉/餐台、生蚝、海鲜、食物特写、质感细节、无明显人物或人物非主体,餐饮、烧烤店、本地生活,海鲜烧烤、烤炉/餐台,食物特写、质感细节,无明显人物或人物非主体,公开小样、光厂水印、本地合规转码、待人工最终确认、尺寸合规、codec:h264,烤生蚝特写、海鲜烧烤、烤生蚝鱿鱼、海鲜烤制、烤炉/餐台、生蚝、海鲜,0.82,merchant-media/00000000-0000-4000-8000-000000000101/originals/d4929865-185c-5d47-b5f3-4f65fb44252d/source.mp4,merchant-media/00000000-0000-4000-8000-000000000101/originals/d4929865-185c-5d47-b5f3-4f65fb44252d/source.mp4,merchant-media/00000000-0000-4000-8000-000000000101/thumbs/d4929865-185c-5d47-b5f3-4f65fb44252d/c303224c-dfc6-5e97-a47f-ae75ff65173e.jpg,基于来源标题、文件名、候选元数据和本地 contact sheet 进行保守人工打标；未做完整视频语义模型审核。
merchant_media_library,053_5395259_武汉早餐清晨面窝豆皮热干面牛肉粉宵夜烧烤_compliant.mp4,02_合规尺寸转码测试版/053_5395259_武汉早餐清晨面窝豆皮热干面牛肉粉宵夜烧烤_compliant.mp4,8a8ad820-9945-508a-80dc-86064707fc17,ce532517-4d24-5289-90d7-3ca53823e5ea,0,full_video,0,41.36,41.36,1280,720,landscape,烧烤食物近景 053（弱相关）,烧烤相关食物或泛餐饮近景，来源标题/预览图指向“武汉早餐清晨面窝豆皮热干面牛肉粉宵夜烧烤”，适合用作菜品展示素材。 该素材与烧烤店主题为弱相关，导入或剪辑前需要人工复核。,横屏、role:bbq_food_closeup、lens:menu_showcase、餐饮、烧烤店、本地生活、餐饮菜品、烧烤食物、夜市、烤串、牛肉串、菜品展示、食物展示、人群入镜,餐饮、烧烤店、本地生活,餐饮菜品、烧烤食物、夜市,菜品展示、食物展示,人群入镜,公开小样、光厂水印、本地合规转码、待人工最终确认、尺寸合规、codec:h264、弱相关素材,武汉早餐清晨面窝豆皮热干面牛肉粉宵夜烧烤、烧烤菜品、烧烤食物近景、餐饮菜品、烧烤食物、夜市、烤串、牛肉串,0.68,merchant-media/00000000-0000-4000-8000-000000000101/originals/8a8ad820-9945-508a-80dc-86064707fc17/source.mp4,merchant-media/00000000-0000-4000-8000-000000000101/originals/8a8ad820-9945-508a-80dc-86064707fc17/source.mp4,merchant-media/00000000-0000-4000-8000-000000000101/thumbs/8a8ad820-9945-508a-80dc-86064707fc17/ce532517-4d24-5289-90d7-3ca53823e5ea.jpg,基于来源标题、文件名、候选元数据和本地 contact sheet 进行保守人工打标；未做完整视频语义模型审核。 弱相关原因：早餐/热干面/豆皮等泛餐饮信息强于烧烤信息。
merchant_media_library,054_9430085_夜间小吃_烧烤_炸串_烟火气空镜头_美食_compliant.mp4,02_合规尺寸转码测试版/054_9430085_夜间小吃_烧烤_炸串_烟火气空镜头_美食_compliant.mp4,fa90117b-5312-5ff1-92d5-d5914000591b,a4a0015c-24e7-53e4-905e-ce3e135b13a3,0,full_video,0,130.76,130.76,1280,720,landscape,夜市/大排档环境 054,夜市 大排档 小吃街 人流环境或摊位氛围，来源标题/预览图指向“夜间小吃 烧烤 炸串 烟火气空镜头 美食”，适合用作氛围环境素材。,横屏、role:bbq_night_market、lens:atmosphere_context、餐饮、烧烤店、本地生活、夜市、大排档、小吃街、烧烤摊、夜市环境、环境氛围、夜市场景、烟火气、环境空镜、无明显人物或人物非主体,餐饮、烧烤店、本地生活,夜市、大排档、小吃街、夜市、烧烤摊、夜市环境,环境氛围、夜市场景、烟火气、环境空镜,无明显人物或人物非主体,公开小样、光厂水印、本地合规转码、待人工最终确认、尺寸合规、codec:h264、长视频待切片审核,夜间小吃 烧烤 炸串 烟火气空镜头 美食、夜市烧烤、大排档环境、夜市烟火气、夜市、大排档、小吃街,0.78,merchant-media/00000000-0000-4000-8000-000000000101/originals/fa90117b-5312-5ff1-92d5-d5914000591b/source.mp4,merchant-media/00000000-0000-4000-8000-000000000101/originals/fa90117b-5312-5ff1-92d5-d5914000591b/source.mp4,merchant-media/00000000-0000-4000-8000-000000000101/thumbs/fa90117b-5312-5ff1-92d5-d5914000591b/a4a0015c-24e7-53e4-905e-ce3e135b13a3.jpg,基于来源标题、文件名、候选元数据和本地 contact sheet 进行保守人工打标；未做完整视频语义模型审核。 该文件超过 45 秒，已生成 segmentPlan，未物理切片。
merchant_media_library,055_9377252_烤鸽子_炭烧鸽_烧烤_烧烤鸽子_compliant.mp4,02_合规尺寸转码测试版/055_9377252_烤鸽子_炭烧鸽_烧烤_烧烤鸽子_compliant.mp4,cd385400-5446-58d7-ad85-b389ca8b6f74,7ab826c6-b1f7-5d86-8997-f65efe979840,0,full_video,0,24.583333,24.583333,1280,720,landscape,烤鸽子 炭烧鸽 烧烤 烧烤鸽子,烤全羊 羊腿 羊排 烤鸽 烤鸡等整肉烤制，来源标题/预览图指向“烤鸽子 炭烧鸽 烧烤 烧烤鸽子”，适合用作菜品展示素材。,横屏、role:bbq_whole_meat_roast、lens:menu_showcase、餐饮、烧烤店、本地生活、整肉烤制、烤炉/餐台、烧烤摊、炭火烤炉、烤串、烤鸽/乳鸽、菜品展示、食物展示、制作过程、仅手部入镜或手部操作,餐饮、烧烤店、本地生活,整肉烤制、烤炉/餐台、烧烤摊、炭火烤炉,菜品展示、食物展示、制作过程,仅手部入镜或手部操作,公开小样、光厂水印、本地合规转码、待人工最终确认、尺寸合规、codec:h264,烤鸽子 炭烧鸽 烧烤 烧烤鸽子、烤全羊羊腿、整肉烤制、烤肉展示、烤炉/餐台、烧烤摊、烤串、烤鸽/乳鸽,0.82,merchant-media/00000000-0000-4000-8000-000000000101/originals/cd385400-5446-58d7-ad85-b389ca8b6f74/source.mp4,merchant-media/00000000-0000-4000-8000-000000000101/originals/cd385400-5446-58d7-ad85-b389ca8b6f74/source.mp4,merchant-media/00000000-0000-4000-8000-000000000101/thumbs/cd385400-5446-58d7-ad85-b389ca8b6f74/7ab826c6-b1f7-5d86-8997-f65efe979840.jpg,基于来源标题、文件名、候选元数据和本地 contact sheet 进行保守人工打标；未做完整视频语义模型审核。
merchant_media_library,056_7621819_切猪肉五花肉_compliant.mp4,02_合规尺寸转码测试版/056_7621819_切猪肉五花肉_compliant.mp4,13eaea1f-b081-5d86-9643-f4d3bc563587,9a3f3a36-f52a-575d-9ed0-86b70d55611c,0,full_video,0,11.25,11.25,1280,720,landscape,切猪肉五花肉,穿串 切配 翻烤 撒料 制作过程，来源标题/预览图指向“切猪肉五花肉”，适合用作制作过程素材。,横屏、role:bbq_staff_preparation、lens:process_detail、餐饮、烧烤店、本地生活、后厨/烧烤台、食材处理、肉串、五花肉、猪肉、制作过程、手部操作、切配、仅手部入镜或手部操作,餐饮、烧烤店、本地生活,后厨/烧烤台、食材处理,制作过程、手部操作、切配,仅手部入镜或手部操作,公开小样、光厂水印、本地合规转码、待人工最终确认、尺寸合规、codec:h264,切猪肉五花肉、烧烤制作过程、穿串切配、后厨烧烤台、后厨/烧烤台、食材处理、肉串、五花肉、猪肉,0.82,merchant-media/00000000-0000-4000-8000-000000000101/originals/13eaea1f-b081-5d86-9643-f4d3bc563587/source.mp4,merchant-media/00000000-0000-4000-8000-000000000101/originals/13eaea1f-b081-5d86-9643-f4d3bc563587/source.mp4,merchant-media/00000000-0000-4000-8000-000000000101/thumbs/13eaea1f-b081-5d86-9643-f4d3bc563587/9a3f3a36-f52a-575d-9ed0-86b70d55611c.jpg,基于来源标题、文件名、候选元数据和本地 contact sheet 进行保守人工打标；未做完整视频语义模型审核。
merchant_media_library,057_10219216_烧烤大筋皮_compliant.mp4,02_合规尺寸转码测试版/057_10219216_烧烤大筋皮_compliant.mp4,45a18c54-ee9c-5dd3-9cf8-e2a3a0946296,25623d4c-4faa-581d-bdb1-199dbc4c6870,0,full_video,0,874.24,874.24,1280,720,landscape,烧烤大筋皮,烤串 羊肉串 肉串等近景画面，来源标题/预览图指向“烧烤大筋皮”，适合用作菜品展示素材。,横屏、role:bbq_skewer_closeup、lens:menu_showcase、餐饮、烧烤店、本地生活、炭火烤炉、烤串制作、夜市、烤串、菜品展示、食物展示、切配、仅手部入镜或手部操作,餐饮、烧烤店、本地生活,炭火烤炉、烤串制作、夜市、炭火烤炉,菜品展示、食物展示、切配,仅手部入镜或手部操作,公开小样、光厂水印、本地合规转码、待人工最终确认、尺寸合规、codec:h264、长视频待切片审核,烧烤大筋皮、烤串特写、羊肉串近景、烧烤肉串、炭火烤炉、烤串制作、夜市、烤串,0.78,merchant-media/00000000-0000-4000-8000-000000000101/originals/45a18c54-ee9c-5dd3-9cf8-e2a3a0946296/source.mp4,merchant-media/00000000-0000-4000-8000-000000000101/originals/45a18c54-ee9c-5dd3-9cf8-e2a3a0946296/source.mp4,merchant-media/00000000-0000-4000-8000-000000000101/thumbs/45a18c54-ee9c-5dd3-9cf8-e2a3a0946296/25623d4c-4faa-581d-bdb1-199dbc4c6870.jpg,基于来源标题、文件名、候选元数据和本地 contact sheet 进行保守人工打标；未做完整视频语义模型审核。 该文件超过 45 秒，已生成 segmentPlan，未物理切片。
merchant_media_library,058_8304579_乐山特色美食乐山烧烤油炸串串小吃_compliant.mp4,02_合规尺寸转码测试版/058_8304579_乐山特色美食乐山烧烤油炸串串小吃_compliant.mp4,78f01ec4-b4df-501d-b5a4-f174526b071e,c71d6e4e-cbbe-593b-a875-f091f9bb66c0,0,full_video,0,14.2142,14.2142,1280,720,landscape,乐山特色美食乐山烧烤油炸串串小吃,烧烤相关食物或泛餐饮近景，来源标题/预览图指向“乐山特色美食乐山烧烤油炸串串小吃”，适合用作菜品展示素材。,横屏、role:bbq_food_closeup、lens:menu_showcase、餐饮、烧烤店、本地生活、餐饮菜品、烧烤食物、烧烤摊、烤串、菜品展示、食物展示、无明显人物或人物非主体,餐饮、烧烤店、本地生活,餐饮菜品、烧烤食物、烧烤摊,菜品展示、食物展示,无明显人物或人物非主体,公开小样、光厂水印、本地合规转码、待人工最终确认、尺寸合规、codec:h264,乐山特色美食乐山烧烤油炸串串小吃、烧烤菜品、烧烤食物近景、餐饮菜品、烧烤食物、烧烤摊、烤串,0.82,merchant-media/00000000-0000-4000-8000-000000000101/originals/78f01ec4-b4df-501d-b5a4-f174526b071e/source.mp4,merchant-media/00000000-0000-4000-8000-000000000101/originals/78f01ec4-b4df-501d-b5a4-f174526b071e/source.mp4,merchant-media/00000000-0000-4000-8000-000000000101/thumbs/78f01ec4-b4df-501d-b5a4-f174526b071e/c71d6e4e-cbbe-593b-a875-f091f9bb66c0.jpg,基于来源标题、文件名、候选元数据和本地 contact sheet 进行保守人工打标；未做完整视频语义模型审核。
merchant_media_library,059_24285004_美食烤全羊手撕羊肉_compliant.mp4,02_合规尺寸转码测试版/059_24285004_美食烤全羊手撕羊肉_compliant.mp4,ee03d1f6-d974-562a-9044-594c4f33c890,c8c3b0c7-e733-5f8e-913a-77710cb3c1a4,0,full_video,0,28.02,28.02,1280,720,landscape,美食烤全羊手撕羊肉,烤全羊 羊腿 羊排 烤鸽 烤鸡等整肉烤制，来源标题/预览图指向“美食烤全羊手撕羊肉”，适合用作菜品展示素材。,横屏、role:bbq_whole_meat_roast、lens:menu_showcase、餐饮、烧烤店、本地生活、整肉烤制、烤炉/餐台、羊排、烤全羊、菜品展示、食物展示、手部操作、仅手部入镜或手部操作,餐饮、烧烤店、本地生活,整肉烤制、烤炉/餐台,菜品展示、食物展示、手部操作,仅手部入镜或手部操作,公开小样、光厂水印、本地合规转码、待人工最终确认、尺寸合规、codec:h264,美食烤全羊手撕羊肉、烤全羊羊腿、整肉烤制、烤肉展示、烤炉/餐台、羊排、烤全羊,0.82,merchant-media/00000000-0000-4000-8000-000000000101/originals/ee03d1f6-d974-562a-9044-594c4f33c890/source.mp4,merchant-media/00000000-0000-4000-8000-000000000101/originals/ee03d1f6-d974-562a-9044-594c4f33c890/source.mp4,merchant-media/00000000-0000-4000-8000-000000000101/thumbs/ee03d1f6-d974-562a-9044-594c4f33c890/c8c3b0c7-e733-5f8e-913a-77710cb3c1a4.jpg,基于来源标题、文件名、候选元数据和本地 contact sheet 进行保守人工打标；未做完整视频语义模型审核。
merchant_media_library,060_29275136_烤全羊_特色美食_compliant.mp4,02_合规尺寸转码测试版/060_29275136_烤全羊_特色美食_compliant.mp4,65765aad-b0e0-5636-8ad2-78e55f335755,0829da83-b7e1-5716-a9c2-6ba65e36f65b,0,full_video,0,69.76,69.76,1280,720,landscape,烤全羊 特色美食,烤全羊 羊腿 羊排 烤鸽 烤鸡等整肉烤制，来源标题/预览图指向“烤全羊 特色美食”，适合用作菜品展示素材。,横屏、role:bbq_whole_meat_roast、lens:menu_showcase、餐饮、烧烤店、本地生活、整肉烤制、烤炉/餐台、炭火烤炉、烤串、羊排、烤全羊、菜品展示、食物展示、无明显人物或人物非主体,餐饮、烧烤店、本地生活,整肉烤制、烤炉/餐台、炭火烤炉,菜品展示、食物展示,无明显人物或人物非主体,公开小样、光厂水印、本地合规转码、待人工最终确认、尺寸合规、codec:h264、长视频待切片审核,烤全羊 特色美食、烤全羊羊腿、整肉烤制、烤肉展示、烤炉/餐台、炭火烤炉、烤串、羊排、烤全羊,0.78,merchant-media/00000000-0000-4000-8000-000000000101/originals/65765aad-b0e0-5636-8ad2-78e55f335755/source.mp4,merchant-media/00000000-0000-4000-8000-000000000101/originals/65765aad-b0e0-5636-8ad2-78e55f335755/source.mp4,merchant-media/00000000-0000-4000-8000-000000000101/thumbs/65765aad-b0e0-5636-8ad2-78e55f335755/0829da83-b7e1-5716-a9c2-6ba65e36f65b.jpg,基于来源标题、文件名、候选元数据和本地 contact sheet 进行保守人工打标；未做完整视频语义模型审核。 该文件超过 45 秒，已生成 segmentPlan，未物理切片。
merchant_media_library,061_8401717_蜜汁烤里脊肉_compliant.mp4,02_合规尺寸转码测试版/061_8401717_蜜汁烤里脊肉_compliant.mp4,5e4ae7c2-5d10-5721-93de-2de8776caf27,ad2626e1-d94b-50dc-86f3-3047a2c84d32,0,full_video,0,31.24,31.24,1280,720,landscape,蜜汁烤里脊肉,烧烤相关食物或泛餐饮近景，来源标题/预览图指向“蜜汁烤里脊肉”，适合用作菜品展示素材。,横屏、role:bbq_food_closeup、lens:menu_showcase、餐饮、烧烤店、本地生活、餐饮菜品、烧烤食物、五花肉、菜品展示、食物展示、制作过程、仅手部入镜或手部操作,餐饮、烧烤店、本地生活,餐饮菜品、烧烤食物,菜品展示、食物展示、制作过程,仅手部入镜或手部操作,公开小样、光厂水印、本地合规转码、待人工最终确认、尺寸合规、codec:h264,蜜汁烤里脊肉、烧烤菜品、烧烤食物近景、餐饮菜品、烧烤食物、五花肉,0.82,merchant-media/00000000-0000-4000-8000-000000000101/originals/5e4ae7c2-5d10-5721-93de-2de8776caf27/source.mp4,merchant-media/00000000-0000-4000-8000-000000000101/originals/5e4ae7c2-5d10-5721-93de-2de8776caf27/source.mp4,merchant-media/00000000-0000-4000-8000-000000000101/thumbs/5e4ae7c2-5d10-5721-93de-2de8776caf27/ad2626e1-d94b-50dc-86f3-3047a2c84d32.jpg,基于来源标题、文件名、候选元数据和本地 contact sheet 进行保守人工打标；未做完整视频语义模型审核。
merchant_media_library,062_7018692_烤羊腿_羊排_蒙古烤羊腿_compliant.mp4,02_合规尺寸转码测试版/062_7018692_烤羊腿_羊排_蒙古烤羊腿_compliant.mp4,3a725723-90cc-553a-9a4a-f446160ecf81,a6290a6d-38e0-5db4-9e41-4b4f5093ae46,0,full_video,0,47.708008,47.708008,1280,720,landscape,烤羊腿 羊排 蒙古烤羊腿,烤全羊 羊腿 羊排 烤鸽 烤鸡等整肉烤制，来源标题/预览图指向“烤羊腿 羊排 蒙古烤羊腿”，适合用作菜品展示素材。,横屏、role:bbq_whole_meat_roast、lens:menu_showcase、餐饮、烧烤店、本地生活、整肉烤制、烤炉/餐台、羊排、羊腿、烤全羊、菜品展示、食物展示、无明显人物或人物非主体,餐饮、烧烤店、本地生活,整肉烤制、烤炉/餐台,菜品展示、食物展示,无明显人物或人物非主体,公开小样、光厂水印、本地合规转码、待人工最终确认、尺寸合规、codec:h264、长视频待切片审核,烤羊腿 羊排 蒙古烤羊腿、烤全羊羊腿、整肉烤制、烤肉展示、烤炉/餐台、羊排、羊腿、烤全羊,0.78,merchant-media/00000000-0000-4000-8000-000000000101/originals/3a725723-90cc-553a-9a4a-f446160ecf81/source.mp4,merchant-media/00000000-0000-4000-8000-000000000101/originals/3a725723-90cc-553a-9a4a-f446160ecf81/source.mp4,merchant-media/00000000-0000-4000-8000-000000000101/thumbs/3a725723-90cc-553a-9a4a-f446160ecf81/a6290a6d-38e0-5db4-9e41-4b4f5093ae46.jpg,基于来源标题、文件名、候选元数据和本地 contact sheet 进行保守人工打标；未做完整视频语义模型审核。 该文件超过 45 秒，已生成 segmentPlan，未物理切片。
merchant_media_library,063_29274477_实拍烤全羊_烤羊腿_烤羊烧烤竖屏高清素材_compliant.mp4,02_合规尺寸转码测试版/063_29274477_实拍烤全羊_烤羊腿_烤羊烧烤竖屏高清素材_compliant.mp4,b9aa8b8a-9597-578a-89fe-e2e8bc3045c2,1502b3cb-caad-5419-b622-8c0d648cc360,0,full_video,0,116.74,116.74,720,1280,portrait,整肉烤制素材 063,烤全羊 羊腿 羊排 烤鸽 烤鸡等整肉烤制，来源标题/预览图指向“实拍烤全羊 烤羊腿 烤羊烧烤竖屏高清素材”，适合用作菜品展示素材。,竖屏、role:bbq_whole_meat_roast、lens:menu_showcase、餐饮、烧烤店、本地生活、整肉烤制、烤炉/餐台、羊排、羊腿、烤全羊、菜品展示、食物展示、无明显人物或人物非主体,餐饮、烧烤店、本地生活,整肉烤制、烤炉/餐台,菜品展示、食物展示,无明显人物或人物非主体,公开小样、光厂水印、本地合规转码、待人工最终确认、尺寸合规、codec:h264、长视频待切片审核,实拍烤全羊 烤羊腿 烤羊烧烤竖屏高清素材、烤全羊羊腿、整肉烤制、烤肉展示、烤炉/餐台、羊排、羊腿、烤全羊,0.78,merchant-media/00000000-0000-4000-8000-000000000101/originals/b9aa8b8a-9597-578a-89fe-e2e8bc3045c2/source.mp4,merchant-media/00000000-0000-4000-8000-000000000101/originals/b9aa8b8a-9597-578a-89fe-e2e8bc3045c2/source.mp4,merchant-media/00000000-0000-4000-8000-000000000101/thumbs/b9aa8b8a-9597-578a-89fe-e2e8bc3045c2/1502b3cb-caad-5419-b622-8c0d648cc360.jpg,基于来源标题、文件名、候选元数据和本地 contact sheet 进行保守人工打标；未做完整视频语义模型审核。 该文件超过 45 秒，已生成 segmentPlan，未物理切片。
merchant_media_library,064_29872404_大连_海螺_compliant.mp4,02_合规尺寸转码测试版/064_29872404_大连_海螺_compliant.mp4,7555a8c8-1eb2-5211-8fff-1e776131a2e6,1c9db029-7cab-5e4a-9620-164b884c8c3d,0,full_video,0,106.14,106.14,1280,720,landscape,大连 海螺（弱相关）,鱿鱼 生蚝 海螺 鳗鱼等海鲜烤制或展示，来源标题/预览图指向“大连 海螺”，适合用作菜品展示素材。 该素材与烧烤店主题为弱相关，导入或剪辑前需要人工复核。,横屏、role:bbq_seafood_grill、lens:menu_showcase、餐饮、烧烤店、本地生活、海鲜烧烤、烤炉/餐台、海螺、海鲜、菜品展示、食物展示、无明显人物或人物非主体,餐饮、烧烤店、本地生活,海鲜烧烤、烤炉/餐台,菜品展示、食物展示,无明显人物或人物非主体,公开小样、光厂水印、本地合规转码、待人工最终确认、尺寸合规、codec:h264、长视频待切片审核、弱相关素材,大连 海螺、海鲜烧烤、烤生蚝鱿鱼、海鲜烤制、烤炉/餐台、海螺、海鲜,0.68,merchant-media/00000000-0000-4000-8000-000000000101/originals/7555a8c8-1eb2-5211-8fff-1e776131a2e6/source.mp4,merchant-media/00000000-0000-4000-8000-000000000101/originals/7555a8c8-1eb2-5211-8fff-1e776131a2e6/source.mp4,merchant-media/00000000-0000-4000-8000-000000000101/thumbs/7555a8c8-1eb2-5211-8fff-1e776131a2e6/1c9db029-7cab-5e4a-9620-164b884c8c3d.jpg,基于来源标题、文件名、候选元数据和本地 contact sheet 进行保守人工打标；未做完整视频语义模型审核。 弱相关原因：海螺素材未明确显示烧烤店场景，只作海鲜补充。  该文件超过 45 秒，已生成 segmentPlan，未物理切片。
merchant_media_library,065_8645923_烤鸡在烤箱里成熟_延时摄影_compliant.mp4,02_合规尺寸转码测试版/065_8645923_烤鸡在烤箱里成熟_延时摄影_compliant.mp4,7e898247-aa61-54ef-b757-3ddc3467a12c,49d836e2-33c2-53b4-a314-52da1d263ea8,0,full_video,0,28.6,28.6,1280,720,landscape,烤鸡在烤箱里成熟 延时摄影（弱相关）,烤全羊 羊腿 羊排 烤鸽 烤鸡等整肉烤制，来源标题/预览图指向“烤鸡在烤箱里成熟 延时摄影”，适合用作菜品展示素材。 该素材与烧烤店主题为弱相关，导入或剪辑前需要人工复核。,横屏、role:bbq_whole_meat_roast、lens:menu_showcase、餐饮、烧烤店、本地生活、整肉烤制、烤炉/餐台、烤鸡、菜品展示、食物展示、制作过程、延时摄影、无明显人物或人物非主体,餐饮、烧烤店、本地生活,整肉烤制、烤炉/餐台,菜品展示、食物展示、制作过程、延时摄影,无明显人物或人物非主体,公开小样、光厂水印、本地合规转码、待人工最终确认、尺寸合规、codec:h264、弱相关素材,烤鸡在烤箱里成熟 延时摄影、烤全羊羊腿、整肉烤制、烤肉展示、烤炉/餐台、烤鸡,0.68,merchant-media/00000000-0000-4000-8000-000000000101/originals/7e898247-aa61-54ef-b757-3ddc3467a12c/source.mp4,merchant-media/00000000-0000-4000-8000-000000000101/originals/7e898247-aa61-54ef-b757-3ddc3467a12c/source.mp4,merchant-media/00000000-0000-4000-8000-000000000101/thumbs/7e898247-aa61-54ef-b757-3ddc3467a12c/49d836e2-33c2-53b4-a314-52da1d263ea8.jpg,基于来源标题、文件名、候选元数据和本地 contact sheet 进行保守人工打标；未做完整视频语义模型审核。 弱相关原因：烤箱烤鸡偏泛餐饮制作，不是烧烤店炭烤主素材。
merchant_media_library,066_7609567_划火柴火炉燃烧_烧烤_compliant.mp4,02_合规尺寸转码测试版/066_7609567_划火柴火炉燃烧_烧烤_compliant.mp4,4ff96c6e-1ae5-50ba-95f8-2d03bd611265,c1dfdb0a-a1ad-5c6b-a2ac-a7a5cbcc024c,0,full_video,0,17.583333,17.583333,1280,720,landscape,划火柴火炉燃烧 烧烤,火焰 炭火 烟气或明火烹饪画面，来源标题/预览图指向“划火柴火炉燃烧 烧烤”，适合用作转场细节素材。,横屏、role:bbq_grill_fire、lens:transition_detail、餐饮、烧烤店、本地生活、炭火烤炉、明火烹饪、明火、明火/炭火、火焰烟气、动作转场、无明显人物或人物非主体,餐饮、烧烤店、本地生活,炭火烤炉、明火烹饪、明火、明火/炭火,火焰烟气、动作转场,无明显人物或人物非主体,公开小样、光厂水印、本地合规转码、待人工最终确认、尺寸合规、codec:h264,划火柴火炉燃烧 烧烤、烧烤火焰、炭火烟气、明火转场、炭火烤炉、明火烹饪、明火,0.82,merchant-media/00000000-0000-4000-8000-000000000101/originals/4ff96c6e-1ae5-50ba-95f8-2d03bd611265/source.mp4,merchant-media/00000000-0000-4000-8000-000000000101/originals/4ff96c6e-1ae5-50ba-95f8-2d03bd611265/source.mp4,merchant-media/00000000-0000-4000-8000-000000000101/thumbs/4ff96c6e-1ae5-50ba-95f8-2d03bd611265/c1dfdb0a-a1ad-5c6b-a2ac-a7a5cbcc024c.jpg,基于来源标题、文件名、候选元数据和本地 contact sheet 进行保守人工打标；未做完整视频语义模型审核。
merchant_media_library,067_8317719_烤鸭制作过程_compliant.mp4,02_合规尺寸转码测试版/067_8317719_烤鸭制作过程_compliant.mp4,19d552c5-0ccf-5877-97e2-83b25930284b,c49c4b8e-edde-56e1-be60-5d64df610f44,0,full_video,0,50.36,50.36,1280,720,landscape,烤鸭制作过程（弱相关）,烤全羊 羊腿 羊排 烤鸽 烤鸡等整肉烤制，来源标题/预览图指向“烤鸭制作过程”，适合用作制作过程素材。 该素材与烧烤店主题为弱相关，导入或剪辑前需要人工复核。,横屏、role:bbq_whole_meat_roast、lens:process_detail、餐饮、烧烤店、本地生活、整肉烤制、烤炉/餐台、烤鸭/酱鸭、制作过程、手部操作、仅手部入镜或手部操作,餐饮、烧烤店、本地生活,整肉烤制、烤炉/餐台,制作过程、手部操作、制作过程,仅手部入镜或手部操作,公开小样、光厂水印、本地合规转码、待人工最终确认、尺寸合规、codec:h264、长视频待切片审核、弱相关素材,烤鸭制作过程、烤全羊羊腿、整肉烤制、烤肉展示、烤炉/餐台、烤鸭/酱鸭,0.68,merchant-media/00000000-0000-4000-8000-000000000101/originals/19d552c5-0ccf-5877-97e2-83b25930284b/source.mp4,merchant-media/00000000-0000-4000-8000-000000000101/originals/19d552c5-0ccf-5877-97e2-83b25930284b/source.mp4,merchant-media/00000000-0000-4000-8000-000000000101/thumbs/19d552c5-0ccf-5877-97e2-83b25930284b/c49c4b8e-edde-56e1-be60-5d64df610f44.jpg,基于来源标题、文件名、候选元数据和本地 contact sheet 进行保守人工打标；未做完整视频语义模型审核。 弱相关原因：烤鸭制作偏鸭货/烤鸭工艺，不是烧烤店主素材。  该文件超过 45 秒，已生成 segmentPlan，未物理切片。
merchant_media_library,068_25120641_烧腊烤制、成品_compliant.mp4,02_合规尺寸转码测试版/068_25120641_烧腊烤制、成品_compliant.mp4,5f918c81-85fd-5846-86b8-635b9e62a876,01448357-f4fe-57b9-aedf-2649d489d290,0,full_video,0,11.125,11.125,1280,720,landscape,烧腊烤制 成品（弱相关）,烤全羊 羊腿 羊排 烤鸽 烤鸡等整肉烤制，来源标题/预览图指向“烧腊烤制 成品”，适合用作菜品展示素材。 该素材与烧烤店主题为弱相关，导入或剪辑前需要人工复核。,横屏、role:bbq_whole_meat_roast、lens:menu_showcase、餐饮、烧烤店、本地生活、整肉烤制、烤炉/餐台、烤鸭/酱鸭、菜品展示、食物展示、制作过程、无明显人物或人物非主体,餐饮、烧烤店、本地生活,整肉烤制、烤炉/餐台,菜品展示、食物展示、制作过程,无明显人物或人物非主体,公开小样、光厂水印、本地合规转码、待人工最终确认、尺寸合规、codec:h264、弱相关素材,烧腊烤制 成品、烤全羊羊腿、整肉烤制、烤肉展示、烤炉/餐台、烤鸭/酱鸭,0.68,merchant-media/00000000-0000-4000-8000-000000000101/originals/5f918c81-85fd-5846-86b8-635b9e62a876/source.mp4,merchant-media/00000000-0000-4000-8000-000000000101/originals/5f918c81-85fd-5846-86b8-635b9e62a876/source.mp4,merchant-media/00000000-0000-4000-8000-000000000101/thumbs/5f918c81-85fd-5846-86b8-635b9e62a876/01448357-f4fe-57b9-aedf-2649d489d290.jpg,基于来源标题、文件名、候选元数据和本地 contact sheet 进行保守人工打标；未做完整视频语义模型审核。 弱相关原因：烧腊成品偏烧腊品类，不是烧烤店主素材。
merchant_media_library,069_38558600_烧烤黄牛肉_compliant.mp4,02_合规尺寸转码测试版/069_38558600_烧烤黄牛肉_compliant.mp4,95436501-7b9b-5d1e-b06f-5b1f2c61f190,0b43680b-bfac-5cf7-85bf-f90052e93d58,0,full_video,0,14.44,14.44,1280,720,landscape,烧烤黄牛肉,烧烤相关食物或泛餐饮近景，来源标题/预览图指向“烧烤黄牛肉”，适合用作菜品展示素材。,横屏、role:bbq_food_closeup、lens:menu_showcase、餐饮、烧烤店、本地生活、餐饮菜品、烧烤食物、牛肉串、菜品展示、食物展示、制作过程、仅手部入镜或手部操作,餐饮、烧烤店、本地生活,餐饮菜品、烧烤食物,菜品展示、食物展示、制作过程,仅手部入镜或手部操作,公开小样、光厂水印、本地合规转码、待人工最终确认、尺寸合规、codec:h264,烧烤黄牛肉、烧烤菜品、烧烤食物近景、餐饮菜品、烧烤食物、牛肉串,0.82,merchant-media/00000000-0000-4000-8000-000000000101/originals/95436501-7b9b-5d1e-b06f-5b1f2c61f190/source.mp4,merchant-media/00000000-0000-4000-8000-000000000101/originals/95436501-7b9b-5d1e-b06f-5b1f2c61f190/source.mp4,merchant-media/00000000-0000-4000-8000-000000000101/thumbs/95436501-7b9b-5d1e-b06f-5b1f2c61f190/0b43680b-bfac-5cf7-85bf-f90052e93d58.jpg,基于来源标题、文件名、候选元数据和本地 contact sheet 进行保守人工打标；未做完整视频语义模型审核。
merchant_media_library,070_8349202_江南酱鸭制作流程_compliant.mp4,02_合规尺寸转码测试版/070_8349202_江南酱鸭制作流程_compliant.mp4,b4f14956-bf71-5b45-a0c8-f6d545287144,4bfb0fbd-c166-5874-8f44-7563aa66e65a,0,full_video,0,89.089,89.089,1280,720,landscape,江南酱鸭制作流程（弱相关）,烤全羊 羊腿 羊排 烤鸽 烤鸡等整肉烤制，来源标题/预览图指向“江南酱鸭制作流程”，适合用作制作过程素材。 该素材与烧烤店主题为弱相关，导入或剪辑前需要人工复核。,横屏、role:bbq_whole_meat_roast、lens:process_detail、餐饮、烧烤店、本地生活、整肉烤制、烤炉/餐台、烤鸭/酱鸭、制作过程、手部操作、仅手部入镜或手部操作,餐饮、烧烤店、本地生活,整肉烤制、烤炉/餐台,制作过程、手部操作、制作过程,仅手部入镜或手部操作,公开小样、光厂水印、本地合规转码、待人工最终确认、尺寸合规、codec:h264、长视频待切片审核、弱相关素材,江南酱鸭制作流程、烤全羊羊腿、整肉烤制、烤肉展示、烤炉/餐台、烤鸭/酱鸭,0.68,merchant-media/00000000-0000-4000-8000-000000000101/originals/b4f14956-bf71-5b45-a0c8-f6d545287144/source.mp4,merchant-media/00000000-0000-4000-8000-000000000101/originals/b4f14956-bf71-5b45-a0c8-f6d545287144/source.mp4,merchant-media/00000000-0000-4000-8000-000000000101/thumbs/b4f14956-bf71-5b45-a0c8-f6d545287144/4bfb0fbd-c166-5874-8f44-7563aa66e65a.jpg,基于来源标题、文件名、候选元数据和本地 contact sheet 进行保守人工打标；未做完整视频语义模型审核。 弱相关原因：酱鸭制作偏鸭货工艺，不是烧烤店主素材。  该文件超过 45 秒，已生成 segmentPlan，未物理切片。
merchant_media_library,071_40170648_烧鸟烤乳鸽_compliant.mp4,02_合规尺寸转码测试版/071_40170648_烧鸟烤乳鸽_compliant.mp4,be4e44f4-8c81-56e5-9f1c-1ca37bc134bb,7c8a53e9-a9cd-5303-b4b2-5ee6f1b3516e,0,full_video,0,21.933333,21.933333,1280,720,landscape,烧鸟烤乳鸽,烤全羊 羊腿 羊排 烤鸽 烤鸡等整肉烤制，来源标题/预览图指向“烧鸟烤乳鸽”，适合用作菜品展示素材。,横屏、role:bbq_whole_meat_roast、lens:menu_showcase、餐饮、烧烤店、本地生活、整肉烤制、烤炉/餐台、烤鸽/乳鸽、菜品展示、食物展示、无明显人物或人物非主体,餐饮、烧烤店、本地生活,整肉烤制、烤炉/餐台,菜品展示、食物展示,无明显人物或人物非主体,公开小样、光厂水印、本地合规转码、待人工最终确认、尺寸合规、codec:h264,烧鸟烤乳鸽、烤全羊羊腿、整肉烤制、烤肉展示、烤炉/餐台、烤鸽/乳鸽,0.82,merchant-media/00000000-0000-4000-8000-000000000101/originals/be4e44f4-8c81-56e5-9f1c-1ca37bc134bb/source.mp4,merchant-media/00000000-0000-4000-8000-000000000101/originals/be4e44f4-8c81-56e5-9f1c-1ca37bc134bb/source.mp4,merchant-media/00000000-0000-4000-8000-000000000101/thumbs/be4e44f4-8c81-56e5-9f1c-1ca37bc134bb/7c8a53e9-a9cd-5303-b4b2-5ee6f1b3516e.jpg,基于来源标题、文件名、候选元数据和本地 contact sheet 进行保守人工打标；未做完整视频语义模型审核。
merchant_media_library,072_31673650_烧烤_自助烧烤_烤肉_compliant.mp4,02_合规尺寸转码测试版/072_31673650_烧烤_自助烧烤_烤肉_compliant.mp4,91aa9499-887e-5b89-846f-9094c305aa58,f07fa230-fc49-55ee-b8c9-f5d88e290aed,0,full_video,0,37.466667,37.466667,1280,720,landscape,烧烤 自助烧烤 烤肉,桌面食物 自助烤肉 卷饼等桌面/餐台展示，来源标题/预览图指向“烧烤 自助烧烤 烤肉”，适合用作菜品展示素材。,横屏、role:bbq_dining_table、lens:menu_showcase、餐饮、烧烤店、本地生活、餐桌/餐台、自助烧烤、菜品展示、食物展示、无明显人物或人物非主体,餐饮、烧烤店、本地生活,餐桌/餐台、自助烧烤,菜品展示、食物展示,无明显人物或人物非主体,公开小样、光厂水印、本地合规转码、待人工最终确认、尺寸合规、codec:h264,烧烤 自助烧烤 烤肉、桌面烧烤、自助烤肉、菜品展示、餐桌/餐台、自助烧烤,0.82,merchant-media/00000000-0000-4000-8000-000000000101/originals/91aa9499-887e-5b89-846f-9094c305aa58/source.mp4,merchant-media/00000000-0000-4000-8000-000000000101/originals/91aa9499-887e-5b89-846f-9094c305aa58/source.mp4,merchant-media/00000000-0000-4000-8000-000000000101/thumbs/91aa9499-887e-5b89-846f-9094c305aa58/f07fa230-fc49-55ee-b8c9-f5d88e290aed.jpg,基于来源标题、文件名、候选元数据和本地 contact sheet 进行保守人工打标；未做完整视频语义模型审核。
merchant_media_library,073_5605766_烧烤烤肉烤串羊肉串烤肉串_compliant.mp4,02_合规尺寸转码测试版/073_5605766_烧烤烤肉烤串羊肉串烤肉串_compliant.mp4,a20171b8-d30d-5716-b639-b13d2cbef504,c7b890f3-a4f2-5263-b993-e398d59ac08a,0,full_video,0,64.68,64.68,1280,720,landscape,烧烤烤肉烤串羊肉串烤肉串,烤串 羊肉串 肉串等近景画面，来源标题/预览图指向“烧烤烤肉烤串羊肉串烤肉串”，适合用作质感细节素材。,横屏、role:bbq_skewer_closeup、lens:detail_proof、餐饮、烧烤店、本地生活、炭火烤炉、烤串制作、夜市、烧烤摊、羊肉串、肉串、烤串、食物特写、质感细节、无明显人物或人物非主体,餐饮、烧烤店、本地生活,炭火烤炉、烤串制作、夜市、烧烤摊、炭火烤炉,食物特写、质感细节,无明显人物或人物非主体,公开小样、光厂水印、本地合规转码、待人工最终确认、尺寸合规、codec:h264、长视频待切片审核,烧烤烤肉烤串羊肉串烤肉串、烤串特写、羊肉串近景、烧烤肉串、炭火烤炉、烤串制作、夜市、羊肉串、肉串、烤串,0.78,merchant-media/00000000-0000-4000-8000-000000000101/originals/a20171b8-d30d-5716-b639-b13d2cbef504/source.mp4,merchant-media/00000000-0000-4000-8000-000000000101/originals/a20171b8-d30d-5716-b639-b13d2cbef504/source.mp4,merchant-media/00000000-0000-4000-8000-000000000101/thumbs/a20171b8-d30d-5716-b639-b13d2cbef504/c7b890f3-a4f2-5263-b993-e398d59ac08a.jpg,基于来源标题、文件名、候选元数据和本地 contact sheet 进行保守人工打标；未做完整视频语义模型审核。 该文件超过 45 秒，已生成 segmentPlan，未物理切片。
merchant_media_library,074_24290568_淄博烧烤卷小饼_compliant.mp4,02_合规尺寸转码测试版/074_24290568_淄博烧烤卷小饼_compliant.mp4,4470110b-b521-5af4-b108-9da05bd0b44f,9601f755-f6d0-5ef5-895c-dbd2a139eade,0,full_video,0,30.8,30.8,720,1280,portrait,淄博烧烤卷小饼,桌面食物 自助烤肉 卷饼等桌面/餐台展示，来源标题/预览图指向“淄博烧烤卷小饼”，适合用作菜品展示素材。,竖屏、role:bbq_dining_table、lens:menu_showcase、餐饮、烧烤店、本地生活、餐桌/餐台、自助烧烤、菜品展示、食物展示、无明显人物或人物非主体,餐饮、烧烤店、本地生活,餐桌/餐台、自助烧烤,菜品展示、食物展示,无明显人物或人物非主体,公开小样、光厂水印、本地合规转码、待人工最终确认、尺寸合规、codec:h264,淄博烧烤卷小饼、桌面烧烤、自助烤肉、菜品展示、餐桌/餐台、自助烧烤,0.82,merchant-media/00000000-0000-4000-8000-000000000101/originals/4470110b-b521-5af4-b108-9da05bd0b44f/source.mp4,merchant-media/00000000-0000-4000-8000-000000000101/originals/4470110b-b521-5af4-b108-9da05bd0b44f/source.mp4,merchant-media/00000000-0000-4000-8000-000000000101/thumbs/4470110b-b521-5af4-b108-9da05bd0b44f/9601f755-f6d0-5ef5-895c-dbd2a139eade.jpg,基于来源标题、文件名、候选元数据和本地 contact sheet 进行保守人工打标；未做完整视频语义模型审核。
merchant_media_library,075_32491222_烧烤美食_烤串_compliant.mp4,02_合规尺寸转码测试版/075_32491222_烧烤美食_烤串_compliant.mp4,4052e627-78f2-5bae-927c-72c3725f4834,3f639567-14a6-5133-8e05-016a46b471c4,0,full_video,0,177.72,177.72,1280,720,landscape,烧烤美食 烤串,烤串 羊肉串 肉串等近景画面，来源标题/预览图指向“烧烤美食 烤串”，适合用作菜品展示素材。,横屏、role:bbq_skewer_closeup、lens:menu_showcase、餐饮、烧烤店、本地生活、炭火烤炉、烤串制作、夜市、烧烤摊、羊肉串、肉串、烤串、牛肉串、菜品展示、食物展示、无明显人物或人物非主体,餐饮、烧烤店、本地生活,炭火烤炉、烤串制作、夜市、烧烤摊、炭火烤炉,菜品展示、食物展示,无明显人物或人物非主体,公开小样、光厂水印、本地合规转码、待人工最终确认、尺寸合规、codec:h264、长视频待切片审核,烧烤美食 烤串、烤串特写、羊肉串近景、烧烤肉串、炭火烤炉、烤串制作、夜市、羊肉串、肉串、烤串,0.78,merchant-media/00000000-0000-4000-8000-000000000101/originals/4052e627-78f2-5bae-927c-72c3725f4834/source.mp4,merchant-media/00000000-0000-4000-8000-000000000101/originals/4052e627-78f2-5bae-927c-72c3725f4834/source.mp4,merchant-media/00000000-0000-4000-8000-000000000101/thumbs/4052e627-78f2-5bae-927c-72c3725f4834/3f639567-14a6-5133-8e05-016a46b471c4.jpg,基于来源标题、文件名、候选元数据和本地 contact sheet 进行保守人工打标；未做完整视频语义模型审核。 该文件超过 45 秒，已生成 segmentPlan，未物理切片。
merchant_media_library,076_8567200_烧烤烤串_compliant.mp4,02_合规尺寸转码测试版/076_8567200_烧烤烤串_compliant.mp4,af388dda-7cc9-5480-b356-503965e08c90,76a039c5-d667-5569-b03c-cfe4e5798883,0,full_video,0,25.6256,25.6256,1280,720,landscape,烧烤烤串,烤串 羊肉串 肉串等近景画面，来源标题/预览图指向“烧烤烤串”，适合用作质感细节素材。,横屏、role:bbq_skewer_closeup、lens:detail_proof、餐饮、烧烤店、本地生活、炭火烤炉、烤串制作、夜市、烧烤摊、羊肉串、肉串、烤串、牛肉串、食物特写、质感细节、无明显人物或人物非主体,餐饮、烧烤店、本地生活,炭火烤炉、烤串制作、夜市、烧烤摊、炭火烤炉,食物特写、质感细节,无明显人物或人物非主体,公开小样、光厂水印、本地合规转码、待人工最终确认、尺寸合规、codec:h264,烧烤烤串、烤串特写、羊肉串近景、烧烤肉串、炭火烤炉、烤串制作、夜市、羊肉串、肉串、烤串,0.82,merchant-media/00000000-0000-4000-8000-000000000101/originals/af388dda-7cc9-5480-b356-503965e08c90/source.mp4,merchant-media/00000000-0000-4000-8000-000000000101/originals/af388dda-7cc9-5480-b356-503965e08c90/source.mp4,merchant-media/00000000-0000-4000-8000-000000000101/thumbs/af388dda-7cc9-5480-b356-503965e08c90/76a039c5-d667-5569-b03c-cfe4e5798883.jpg,基于来源标题、文件名、候选元数据和本地 contact sheet 进行保守人工打标；未做完整视频语义模型审核。
merchant_media_library,077_35872267_夜市烧烤烟火气宵夜小吃美食街夜生活小吃_compliant.mp4,02_合规尺寸转码测试版/077_35872267_夜市烧烤烟火气宵夜小吃美食街夜生活小吃_compliant.mp4,6b5eda3c-fe43-51d5-a701-d925a66aa404,bce074e9-d1cd-5eae-9d1e-960cf534c1aa,0,full_video,0,312.766667,312.766667,1280,720,landscape,夜市/大排档环境 077,夜市 大排档 小吃街 人流环境或摊位氛围，来源标题/预览图指向“夜市烧烤烟火气宵夜小吃美食街夜生活小吃”，适合用作氛围环境素材。,横屏、role:bbq_night_market、lens:atmosphere_context、餐饮、烧烤店、本地生活、夜市、大排档、小吃街、烤串、牛肉串、烤鸡、生蚝、环境氛围、夜市场景、烟火气、环境空镜、人群入镜,餐饮、烧烤店、本地生活,夜市、大排档、小吃街、夜市、大排档、小吃街、烧烤摊、夜市环境,环境氛围、夜市场景、烟火气、环境空镜,人群入镜,公开小样、光厂水印、本地合规转码、待人工最终确认、尺寸合规、codec:h264、长视频待切片审核,夜市烧烤烟火气宵夜小吃美食街夜生活小吃、夜市烧烤、大排档环境、夜市烟火气、夜市、大排档、小吃街、烤串、牛肉串、烤鸡,0.78,merchant-media/00000000-0000-4000-8000-000000000101/originals/6b5eda3c-fe43-51d5-a701-d925a66aa404/source.mp4,merchant-media/00000000-0000-4000-8000-000000000101/originals/6b5eda3c-fe43-51d5-a701-d925a66aa404/source.mp4,merchant-media/00000000-0000-4000-8000-000000000101/thumbs/6b5eda3c-fe43-51d5-a701-d925a66aa404/bce074e9-d1cd-5eae-9d1e-960cf534c1aa.jpg,基于来源标题、文件名、候选元数据和本地 contact sheet 进行保守人工打标；未做完整视频语义模型审核。 该文件超过 45 秒，已生成 segmentPlan，未物理切片。
merchant_media_library,078_25088966_夜晚夜市美食烧烤大排档人流人群吃夜宵_compliant.mp4,02_合规尺寸转码测试版/078_25088966_夜晚夜市美食烧烤大排档人流人群吃夜宵_compliant.mp4,023ecf67-7f5a-52f9-9ac6-a0d5ca108dcb,da28404f-e649-5e3d-8f2d-75ac310f2626,0,full_video,0,11.8,11.8,1280,720,landscape,夜晚夜市美食烧烤大排档人流人群吃夜宵,顾客吃饭 夜宵 聚餐或明确用餐社交，来源标题/预览图指向“夜晚夜市美食烧烤大排档人流人群吃夜宵”，适合用作用餐社交素材。,横屏、role:bbq_customer_eating、lens:social_proof、餐饮、烧烤店、本地生活、夜宵餐桌、堂食/户外用餐、夜市、大排档、小吃街、烧烤摊、肉串、烤串、牛肉串、生蚝、用餐氛围、人物场景、烟火气、顾客用餐,餐饮、烧烤店、本地生活,夜宵餐桌、堂食/户外用餐、夜市、大排档、小吃街、烧烤摊,用餐氛围、人物场景、烟火气,顾客用餐,公开小样、光厂水印、本地合规转码、待人工最终确认、尺寸合规、codec:h264,夜晚夜市美食烧烤大排档人流人群吃夜宵、顾客吃烧烤、夜宵聚餐、用餐氛围、夜宵餐桌、堂食/户外用餐、夜市、肉串、烤串、牛肉串,0.82,merchant-media/00000000-0000-4000-8000-000000000101/originals/023ecf67-7f5a-52f9-9ac6-a0d5ca108dcb/source.mp4,merchant-media/00000000-0000-4000-8000-000000000101/originals/023ecf67-7f5a-52f9-9ac6-a0d5ca108dcb/source.mp4,merchant-media/00000000-0000-4000-8000-000000000101/thumbs/023ecf67-7f5a-52f9-9ac6-a0d5ca108dcb/da28404f-e649-5e3d-8f2d-75ac310f2626.jpg,基于来源标题、文件名、候选元数据和本地 contact sheet 进行保守人工打标；未做完整视频语义模型审核。
merchant_media_library,079_9801964_烧烤火焰人间烟火夜宵烤肉羊肉串牛肉串_compliant.mp4,02_合规尺寸转码测试版/079_9801964_烧烤火焰人间烟火夜宵烤肉羊肉串牛肉串_compliant.mp4,260c1614-ae22-5a6c-864b-7987a21a8707,ed23a1f0-f88e-5306-ac15-c346fbdd157c,0,full_video,0,167.4,167.4,1280,720,landscape,烧烤火焰人间烟火夜宵烤肉羊肉串牛肉串,火焰 炭火 烟气或明火烹饪画面，来源标题/预览图指向“烧烤火焰人间烟火夜宵烤肉羊肉串牛肉串”，适合用作转场细节素材。,横屏、role:bbq_grill_fire、lens:transition_detail、餐饮、烧烤店、本地生活、炭火烤炉、明火烹饪、夜市、烧烤摊、明火、羊肉串、肉串、烤串、牛肉串、五花肉、火焰烟气、动作转场、无明显人物或人物非主体,餐饮、烧烤店、本地生活,炭火烤炉、明火烹饪、夜市、烧烤摊、炭火烤炉、明火、明火/炭火,火焰烟气、动作转场,无明显人物或人物非主体,公开小样、光厂水印、本地合规转码、待人工最终确认、尺寸合规、codec:h264、长视频待切片审核,烧烤火焰人间烟火夜宵烤肉羊肉串牛肉串、烧烤火焰、炭火烟气、明火转场、炭火烤炉、明火烹饪、夜市、羊肉串、肉串、烤串,0.78,merchant-media/00000000-0000-4000-8000-000000000101/originals/260c1614-ae22-5a6c-864b-7987a21a8707/source.mp4,merchant-media/00000000-0000-4000-8000-000000000101/originals/260c1614-ae22-5a6c-864b-7987a21a8707/source.mp4,merchant-media/00000000-0000-4000-8000-000000000101/thumbs/260c1614-ae22-5a6c-864b-7987a21a8707/ed23a1f0-f88e-5306-ac15-c346fbdd157c.jpg,基于来源标题、文件名、候选元数据和本地 contact sheet 进行保守人工打标；未做完整视频语义模型审核。 该文件超过 45 秒，已生成 segmentPlan，未物理切片。
merchant_media_library,080_36713756_新疆烤肉烧烤羊肉串敦煌夜市_compliant.mp4,02_合规尺寸转码测试版/080_36713756_新疆烤肉烧烤羊肉串敦煌夜市_compliant.mp4,646c9285-e65e-581b-816c-e1cbf93af6cf,45370cbb-99ab-5a91-a0c1-b9d9a9414176,0,full_video,0,389.76,389.76,1280,720,landscape,新疆烤肉烧烤羊肉串敦煌夜市,夜市 大排档 小吃街 人流环境或摊位氛围，来源标题/预览图指向“新疆烤肉烧烤羊肉串敦煌夜市”，适合用作氛围环境素材。,横屏、role:bbq_night_market、lens:atmosphere_context、餐饮、烧烤店、本地生活、夜市、大排档、小吃街、炭火烤炉、明火、羊肉串、肉串、烤串、鱿鱼、环境氛围、夜市场景、制作过程、烟火气、环境空镜、仅手部入镜或手部操作,餐饮、烧烤店、本地生活,夜市、大排档、小吃街、夜市、炭火烤炉、明火、夜市环境,环境氛围、夜市场景、制作过程、烟火气、环境空镜,仅手部入镜或手部操作,公开小样、光厂水印、本地合规转码、待人工最终确认、尺寸合规、codec:h264、长视频待切片审核,新疆烤肉烧烤羊肉串敦煌夜市、夜市烧烤、大排档环境、夜市烟火气、夜市、大排档、小吃街、羊肉串、肉串、烤串,0.78,merchant-media/00000000-0000-4000-8000-000000000101/originals/646c9285-e65e-581b-816c-e1cbf93af6cf/source.mp4,merchant-media/00000000-0000-4000-8000-000000000101/originals/646c9285-e65e-581b-816c-e1cbf93af6cf/source.mp4,merchant-media/00000000-0000-4000-8000-000000000101/thumbs/646c9285-e65e-581b-816c-e1cbf93af6cf/45370cbb-99ab-5a91-a0c1-b9d9a9414176.jpg,基于来源标题、文件名、候选元数据和本地 contact sheet 进行保守人工打标；未做完整视频语义模型审核。 该文件超过 45 秒，已生成 segmentPlan，未物理切片。
merchant_media_library,081_29191129_烧烤_烤串_烤肉_compliant.mp4,02_合规尺寸转码测试版/081_29191129_烧烤_烤串_烤肉_compliant.mp4,be16cf67-4fb9-5d43-be24-ccf21a42cd0e,782b5bfc-4149-5a80-82a3-125fe77b655f,0,full_video,0,36.766667,36.766667,1280,720,landscape,烧烤 烤串 烤肉,烤串 羊肉串 肉串等近景画面，来源标题/预览图指向“烧烤 烤串 烤肉”，适合用作菜品展示素材。,横屏、role:bbq_skewer_closeup、lens:menu_showcase、餐饮、烧烤店、本地生活、炭火烤炉、烤串制作、夜市、烧烤摊、明火、羊肉串、肉串、烤串、牛肉串、菜品展示、食物展示、手部操作、滋滋冒油、无明显人物或人物非主体,餐饮、烧烤店、本地生活,炭火烤炉、烤串制作、夜市、烧烤摊、炭火烤炉、明火,菜品展示、食物展示、手部操作、滋滋冒油,无明显人物或人物非主体,公开小样、光厂水印、本地合规转码、待人工最终确认、尺寸合规、codec:h264,烧烤 烤串 烤肉、烤串特写、羊肉串近景、烧烤肉串、炭火烤炉、烤串制作、夜市、羊肉串、肉串、烤串,0.82,merchant-media/00000000-0000-4000-8000-000000000101/originals/be16cf67-4fb9-5d43-be24-ccf21a42cd0e/source.mp4,merchant-media/00000000-0000-4000-8000-000000000101/originals/be16cf67-4fb9-5d43-be24-ccf21a42cd0e/source.mp4,merchant-media/00000000-0000-4000-8000-000000000101/thumbs/be16cf67-4fb9-5d43-be24-ccf21a42cd0e/782b5bfc-4149-5a80-82a3-125fe77b655f.jpg,基于来源标题、文件名、候选元数据和本地 contact sheet 进行保守人工打标；未做完整视频语义模型审核。
merchant_media_library,082_36336209_小吃美食夜市烧烤_compliant.mp4,02_合规尺寸转码测试版/082_36336209_小吃美食夜市烧烤_compliant.mp4,910a0116-2c03-5dd1-bb62-171b725530dd,41898e34-578b-5d31-a217-8766f4308c86,0,full_video,0,187.64,187.64,1280,720,landscape,小吃美食夜市烧烤,夜市 大排档 小吃街 人流环境或摊位氛围，来源标题/预览图指向“小吃美食夜市烧烤”，适合用作氛围环境素材。,横屏、role:bbq_night_market、lens:atmosphere_context、餐饮、烧烤店、本地生活、夜市、大排档、小吃街、环境氛围、夜市场景、环境空镜、人群入镜,餐饮、烧烤店、本地生活,夜市、大排档、小吃街、夜市、大排档、小吃街、烧烤摊、夜市环境,环境氛围、夜市场景、环境空镜,人群入镜,公开小样、光厂水印、本地合规转码、待人工最终确认、尺寸合规、codec:h264、长视频待切片审核,小吃美食夜市烧烤、夜市烧烤、大排档环境、夜市烟火气、夜市、大排档、小吃街,0.78,merchant-media/00000000-0000-4000-8000-000000000101/originals/910a0116-2c03-5dd1-bb62-171b725530dd/source.mp4,merchant-media/00000000-0000-4000-8000-000000000101/originals/910a0116-2c03-5dd1-bb62-171b725530dd/source.mp4,merchant-media/00000000-0000-4000-8000-000000000101/thumbs/910a0116-2c03-5dd1-bb62-171b725530dd/41898e34-578b-5d31-a217-8766f4308c86.jpg,基于来源标题、文件名、候选元数据和本地 contact sheet 进行保守人工打标；未做完整视频语义模型审核。 该文件超过 45 秒，已生成 segmentPlan，未物理切片。
merchant_media_library,083_25088215_城市夜景夜市烧烤小吃美食街夜生活小吃_compliant.mp4,02_合规尺寸转码测试版/083_25088215_城市夜景夜市烧烤小吃美食街夜生活小吃_compliant.mp4,c3c34143-24a5-556c-947a-454069660473,e688d094-491d-5df2-8949-0c4c898d0460,0,full_video,0,297.84,297.84,1280,720,landscape,城市夜景夜市烧烤小吃美食街夜生活小吃,夜市 大排档 小吃街 人流环境或摊位氛围，来源标题/预览图指向“城市夜景夜市烧烤小吃美食街夜生活小吃”，适合用作氛围环境素材。,横屏、role:bbq_night_market、lens:atmosphere_context、餐饮、烧烤店、本地生活、夜市、大排档、小吃街、肉串、烤串、牛肉串、环境氛围、夜市场景、制作过程、烟火气、环境空镜、人群入镜,餐饮、烧烤店、本地生活,夜市、大排档、小吃街、夜市、大排档、小吃街、烧烤摊、夜市环境,环境氛围、夜市场景、制作过程、烟火气、环境空镜,人群入镜,公开小样、光厂水印、本地合规转码、待人工最终确认、尺寸合规、codec:h264、长视频待切片审核,城市夜景夜市烧烤小吃美食街夜生活小吃、夜市烧烤、大排档环境、夜市烟火气、夜市、大排档、小吃街、肉串、烤串、牛肉串,0.78,merchant-media/00000000-0000-4000-8000-000000000101/originals/c3c34143-24a5-556c-947a-454069660473/source.mp4,merchant-media/00000000-0000-4000-8000-000000000101/originals/c3c34143-24a5-556c-947a-454069660473/source.mp4,merchant-media/00000000-0000-4000-8000-000000000101/thumbs/c3c34143-24a5-556c-947a-454069660473/e688d094-491d-5df2-8949-0c4c898d0460.jpg,基于来源标题、文件名、候选元数据和本地 contact sheet 进行保守人工打标；未做完整视频语义模型审核。 该文件超过 45 秒，已生成 segmentPlan，未物理切片。
merchant_media_library,084_29335220_烧烤羊肉串韭菜炭火大排档_compliant.mp4,02_合规尺寸转码测试版/084_29335220_烧烤羊肉串韭菜炭火大排档_compliant.mp4,af9ffe05-b58e-52b3-8b91-205a1ec7442a,a0bbedb2-2243-590a-b598-3bfdea050720,0,full_video,0,319.72,319.72,1280,720,landscape,烧烤羊肉串韭菜炭火大排档,夜市 大排档 小吃街 人流环境或摊位氛围，来源标题/预览图指向“烧烤羊肉串韭菜炭火大排档”，适合用作氛围环境素材。,横屏、role:bbq_night_market、lens:atmosphere_context、餐饮、烧烤店、本地生活、夜市、大排档、小吃街、烧烤摊、羊肉串、肉串、烤串、韭菜、环境氛围、夜市场景、环境空镜、无明显人物或人物非主体,餐饮、烧烤店、本地生活,夜市、大排档、小吃街、夜市、大排档、烧烤摊、炭火烤炉、夜市环境,环境氛围、夜市场景、环境空镜,无明显人物或人物非主体,公开小样、光厂水印、本地合规转码、待人工最终确认、尺寸合规、codec:h264、长视频待切片审核,烧烤羊肉串韭菜炭火大排档、夜市烧烤、大排档环境、夜市烟火气、夜市、大排档、小吃街、羊肉串、肉串、烤串,0.78,merchant-media/00000000-0000-4000-8000-000000000101/originals/af9ffe05-b58e-52b3-8b91-205a1ec7442a/source.mp4,merchant-media/00000000-0000-4000-8000-000000000101/originals/af9ffe05-b58e-52b3-8b91-205a1ec7442a/source.mp4,merchant-media/00000000-0000-4000-8000-000000000101/thumbs/af9ffe05-b58e-52b3-8b91-205a1ec7442a/a0bbedb2-2243-590a-b598-3bfdea050720.jpg,基于来源标题、文件名、候选元数据和本地 contact sheet 进行保守人工打标；未做完整视频语义模型审核。 该文件超过 45 秒，已生成 segmentPlan，未物理切片。
merchant_media_library,085_36084363_成都玉林路酒吧一条街人文夜市夜宵烟火气_compliant.mp4,02_合规尺寸转码测试版/085_36084363_成都玉林路酒吧一条街人文夜市夜宵烟火气_compliant.mp4,248c56ff-ffe9-58ea-8b62-decf3cc4f3bf,f6d2895b-99e0-512b-aa71-e34140b09f51,0,full_video,0,373.72,373.72,1280,720,landscape,夜市/大排档环境 085（弱相关）,夜市 大排档 小吃街 人流环境或摊位氛围，来源标题/预览图指向“成都玉林路酒吧一条街人文夜市夜宵烟火气”，适合用作氛围环境素材。 该素材与烧烤店主题为弱相关，导入或剪辑前需要人工复核。,横屏、role:bbq_night_market、lens:atmosphere_context、餐饮、烧烤店、本地生活、夜市、大排档、小吃街、烧烤摊、火锅、环境氛围、夜市场景、烟火气、环境空镜、人群入镜,餐饮、烧烤店、本地生活,夜市、大排档、小吃街、夜市、小吃街、烧烤摊、夜市环境,环境氛围、夜市场景、烟火气、环境空镜,人群入镜,公开小样、光厂水印、本地合规转码、待人工最终确认、尺寸合规、codec:h264、长视频待切片审核、弱相关素材,成都玉林路酒吧一条街人文夜市夜宵烟火气、夜市烧烤、大排档环境、夜市烟火气、夜市、大排档、小吃街、火锅,0.68,merchant-media/00000000-0000-4000-8000-000000000101/originals/248c56ff-ffe9-58ea-8b62-decf3cc4f3bf/source.mp4,merchant-media/00000000-0000-4000-8000-000000000101/originals/248c56ff-ffe9-58ea-8b62-decf3cc4f3bf/source.mp4,merchant-media/00000000-0000-4000-8000-000000000101/thumbs/248c56ff-ffe9-58ea-8b62-decf3cc4f3bf/f6d2895b-99e0-512b-aa71-e34140b09f51.jpg,基于来源标题、文件名、候选元数据和本地 contact sheet 进行保守人工打标；未做完整视频语义模型审核。 弱相关原因：酒吧街/人文夜市氛围强于烧烤画面，只可作环境补镜。  该文件超过 45 秒，已生成 segmentPlan，未物理切片。
merchant_media_library,086_36336216_夜市小吃烧烤美食_compliant.mp4,02_合规尺寸转码测试版/086_36336216_夜市小吃烧烤美食_compliant.mp4,e39b013f-e885-5cfd-b931-7318a517b01f,79c198a6-7716-5af4-9b53-dc79acf33621,0,full_video,0,192.76,192.76,1280,720,landscape,夜市小吃烧烤美食,夜市 大排档 小吃街 人流环境或摊位氛围，来源标题/预览图指向“夜市小吃烧烤美食”，适合用作氛围环境素材。,横屏、role:bbq_night_market、lens:atmosphere_context、餐饮、烧烤店、本地生活、夜市、大排档、小吃街、烤串、环境氛围、夜市场景、环境空镜、人群入镜,餐饮、烧烤店、本地生活,夜市、大排档、小吃街、夜市、大排档、小吃街、烧烤摊、夜市环境,环境氛围、夜市场景、环境空镜,人群入镜,公开小样、光厂水印、本地合规转码、待人工最终确认、尺寸合规、codec:h264、长视频待切片审核,夜市小吃烧烤美食、夜市烧烤、大排档环境、夜市烟火气、夜市、大排档、小吃街、烤串,0.78,merchant-media/00000000-0000-4000-8000-000000000101/originals/e39b013f-e885-5cfd-b931-7318a517b01f/source.mp4,merchant-media/00000000-0000-4000-8000-000000000101/originals/e39b013f-e885-5cfd-b931-7318a517b01f/source.mp4,merchant-media/00000000-0000-4000-8000-000000000101/thumbs/e39b013f-e885-5cfd-b931-7318a517b01f/79c198a6-7716-5af4-9b53-dc79acf33621.jpg,基于来源标题、文件名、候选元数据和本地 contact sheet 进行保守人工打标；未做完整视频语义模型审核。 该文件超过 45 秒，已生成 segmentPlan，未物理切片。
merchant_media_library,087_4550152_烧烤羊肉串制作4K素材_compliant.mp4,02_合规尺寸转码测试版/087_4550152_烧烤羊肉串制作4K素材_compliant.mp4,8464d42d-36f8-5898-a1f6-ab66b8a988f8,970baa42-c1b7-56cb-9cda-87f378e8fb03,0,full_video,0,42.516667,42.516667,1280,720,landscape,烧烤羊肉串制作4K素材,穿串 切配 翻烤 撒料 制作过程，来源标题/预览图指向“烧烤羊肉串制作4K素材”，适合用作制作过程素材。,横屏、role:bbq_staff_preparation、lens:process_detail、餐饮、烧烤店、本地生活、后厨/烧烤台、食材处理、夜市、大排档、炭火烤炉、羊肉串、肉串、烤串、鱿鱼、制作过程、手部操作、烟火气、仅手部入镜或手部操作,餐饮、烧烤店、本地生活,后厨/烧烤台、食材处理、夜市、大排档、炭火烤炉,制作过程、手部操作、制作过程、烟火气,仅手部入镜或手部操作,公开小样、光厂水印、本地合规转码、待人工最终确认、尺寸合规、codec:h264,烧烤羊肉串制作4K素材、烧烤制作过程、穿串切配、后厨烧烤台、后厨/烧烤台、食材处理、夜市、羊肉串、肉串、烤串,0.82,merchant-media/00000000-0000-4000-8000-000000000101/originals/8464d42d-36f8-5898-a1f6-ab66b8a988f8/source.mp4,merchant-media/00000000-0000-4000-8000-000000000101/originals/8464d42d-36f8-5898-a1f6-ab66b8a988f8/source.mp4,merchant-media/00000000-0000-4000-8000-000000000101/thumbs/8464d42d-36f8-5898-a1f6-ab66b8a988f8/970baa42-c1b7-56cb-9cda-87f378e8fb03.jpg,基于来源标题、文件名、候选元数据和本地 contact sheet 进行保守人工打标；未做完整视频语义模型审核。
merchant_media_library,088_32045057_烧烤夜市烟火气牛肉串羊肉串美食_compliant.mp4,02_合规尺寸转码测试版/088_32045057_烧烤夜市烟火气牛肉串羊肉串美食_compliant.mp4,4c3433ae-95ab-5f98-909a-e86e51874ee4,9f1c68e8-388e-53e3-bad8-86ca60f14103,0,full_video,0,68.92,68.92,1280,720,landscape,烧烤夜市烟火气牛肉串羊肉串美食,夜市 大排档 小吃街 人流环境或摊位氛围，来源标题/预览图指向“烧烤夜市烟火气牛肉串羊肉串美食”，适合用作氛围环境素材。,横屏、role:bbq_night_market、lens:atmosphere_context、餐饮、烧烤店、本地生活、夜市、大排档、小吃街、炭火烤炉、夜市环境、羊肉串、肉串、烤串、牛肉串、环境氛围、夜市场景、升格慢动作、烟火气、环境空镜、无明显人物或人物非主体,餐饮、烧烤店、本地生活,夜市、大排档、小吃街、夜市、炭火烤炉、夜市环境,环境氛围、夜市场景、升格慢动作、烟火气、环境空镜,无明显人物或人物非主体,公开小样、光厂水印、本地合规转码、待人工最终确认、尺寸合规、codec:h264、长视频待切片审核,烧烤夜市烟火气牛肉串羊肉串美食、夜市烧烤、大排档环境、夜市烟火气、夜市、大排档、小吃街、羊肉串、肉串、烤串,0.78,merchant-media/00000000-0000-4000-8000-000000000101/originals/4c3433ae-95ab-5f98-909a-e86e51874ee4/source.mp4,merchant-media/00000000-0000-4000-8000-000000000101/originals/4c3433ae-95ab-5f98-909a-e86e51874ee4/source.mp4,merchant-media/00000000-0000-4000-8000-000000000101/thumbs/4c3433ae-95ab-5f98-909a-e86e51874ee4/9f1c68e8-388e-53e3-bad8-86ca60f14103.jpg,基于来源标题、文件名、候选元数据和本地 contact sheet 进行保守人工打标；未做完整视频语义模型审核。 该文件超过 45 秒，已生成 segmentPlan，未物理切片。
merchant_media_library,089_36681032_烤串_美食_烧烤_夜宵_大排档_明火烟火_compliant.mp4,02_合规尺寸转码测试版/089_36681032_烤串_美食_烧烤_夜宵_大排档_明火烟火_compliant.mp4,3ec56d30-4151-5853-a0b2-1b167371bde4,66184f01-649b-5a81-960d-8dcf43b321cb,0,full_video,0,41.3,41.3,1280,720,landscape,炭火火焰转场 089,火焰 炭火 烟气或明火烹饪画面，来源标题/预览图指向“烤串 美食 烧烤 夜宵 大排档 明火烟火”，适合用作转场细节素材。,横屏、role:bbq_grill_fire、lens:transition_detail、餐饮、烧烤店、本地生活、炭火烤炉、明火烹饪、大排档、明火、明火/炭火、肉串、烤串、生蚝、火焰烟气、动作转场、制作过程、烟火气、无明显人物或人物非主体,餐饮、烧烤店、本地生活,炭火烤炉、明火烹饪、大排档、炭火烤炉、明火、明火/炭火,火焰烟气、动作转场、制作过程、烟火气,无明显人物或人物非主体,公开小样、光厂水印、本地合规转码、待人工最终确认、尺寸合规、codec:h264,烤串 美食 烧烤 夜宵 大排档 明火烟火、烧烤火焰、炭火烟气、明火转场、炭火烤炉、明火烹饪、大排档、肉串、烤串、生蚝,0.82,merchant-media/00000000-0000-4000-8000-000000000101/originals/3ec56d30-4151-5853-a0b2-1b167371bde4/source.mp4,merchant-media/00000000-0000-4000-8000-000000000101/originals/3ec56d30-4151-5853-a0b2-1b167371bde4/source.mp4,merchant-media/00000000-0000-4000-8000-000000000101/thumbs/3ec56d30-4151-5853-a0b2-1b167371bde4/66184f01-649b-5a81-960d-8dcf43b321cb.jpg,基于来源标题、文件名、候选元数据和本地 contact sheet 进行保守人工打标；未做完整视频语义模型审核。
merchant_media_library,090_30740217_夜市烧烤小吃美食街夜生活小吃_compliant.mp4,02_合规尺寸转码测试版/090_30740217_夜市烧烤小吃美食街夜生活小吃_compliant.mp4,31c3c504-e3b1-5c9e-8309-649fedf3c3f3,3f67d0ea-d95d-5ecd-bd29-145d284cfbdd,0,full_video,0,218.251367,218.251367,1280,720,landscape,夜市烧烤小吃美食街夜生活小吃,夜市 大排档 小吃街 人流环境或摊位氛围，来源标题/预览图指向“夜市烧烤小吃美食街夜生活小吃”，适合用作氛围环境素材。,横屏、role:bbq_night_market、lens:atmosphere_context、餐饮、烧烤店、本地生活、夜市、大排档、小吃街、羊肉串、肉串、牛肉串、鱿鱼、生蚝、环境氛围、夜市场景、烟火气、环境空镜、人群入镜,餐饮、烧烤店、本地生活,夜市、大排档、小吃街、夜市、大排档、小吃街、烧烤摊、夜市环境,环境氛围、夜市场景、烟火气、环境空镜,人群入镜,公开小样、光厂水印、本地合规转码、待人工最终确认、尺寸合规、codec:h264、长视频待切片审核,夜市烧烤小吃美食街夜生活小吃、夜市烧烤、大排档环境、夜市烟火气、夜市、大排档、小吃街、羊肉串、肉串、牛肉串,0.78,merchant-media/00000000-0000-4000-8000-000000000101/originals/31c3c504-e3b1-5c9e-8309-649fedf3c3f3/source.mp4,merchant-media/00000000-0000-4000-8000-000000000101/originals/31c3c504-e3b1-5c9e-8309-649fedf3c3f3/source.mp4,merchant-media/00000000-0000-4000-8000-000000000101/thumbs/31c3c504-e3b1-5c9e-8309-649fedf3c3f3/3f67d0ea-d95d-5ecd-bd29-145d284cfbdd.jpg,基于来源标题、文件名、候选元数据和本地 contact sheet 进行保守人工打标；未做完整视频语义模型审核。 该文件超过 45 秒，已生成 segmentPlan，未物理切片。
merchant_media_library,091_35400171_夜市美食_烧烤火焰烹饪_小吃街人间烟火_compliant.mp4,02_合规尺寸转码测试版/091_35400171_夜市美食_烧烤火焰烹饪_小吃街人间烟火_compliant.mp4,48266ba7-a229-564a-8f2c-ed437d5879de,3321d5d9-ffbc-51a6-a2d7-9ba1dcd2ad22,0,full_video,0,233.933333,233.933333,1280,720,landscape,炭火火焰转场 091,火焰 炭火 烟气或明火烹饪画面，来源标题/预览图指向“夜市美食 烧烤火焰烹饪 小吃街人间烟火”，适合用作转场细节素材。,横屏、role:bbq_grill_fire、lens:transition_detail、餐饮、烧烤店、本地生活、炭火烤炉、明火烹饪、夜市、大排档、小吃街、烧烤摊、肉串、烤串、牛肉串、生蚝、火锅、火焰烟气、动作转场、制作过程、人群入镜,餐饮、烧烤店、本地生活,炭火烤炉、明火烹饪、夜市、大排档、小吃街、烧烤摊、明火、明火/炭火,火焰烟气、动作转场、制作过程,人群入镜,公开小样、光厂水印、本地合规转码、待人工最终确认、尺寸合规、codec:h264、长视频待切片审核,夜市美食 烧烤火焰烹饪 小吃街人间烟火、烧烤火焰、炭火烟气、明火转场、炭火烤炉、明火烹饪、夜市、肉串、烤串、牛肉串,0.78,merchant-media/00000000-0000-4000-8000-000000000101/originals/48266ba7-a229-564a-8f2c-ed437d5879de/source.mp4,merchant-media/00000000-0000-4000-8000-000000000101/originals/48266ba7-a229-564a-8f2c-ed437d5879de/source.mp4,merchant-media/00000000-0000-4000-8000-000000000101/thumbs/48266ba7-a229-564a-8f2c-ed437d5879de/3321d5d9-ffbc-51a6-a2d7-9ba1dcd2ad22.jpg,基于来源标题、文件名、候选元数据和本地 contact sheet 进行保守人工打标；未做完整视频语义模型审核。 该文件超过 45 秒，已生成 segmentPlan，未物理切片。
merchant_media_library,093_8867355_夜拍档烧烤烟火气烤串淄博烧烤_compliant.mp4,02_合规尺寸转码测试版/093_8867355_夜拍档烧烤烟火气烤串淄博烧烤_compliant.mp4,108a50ee-705f-5e7b-a0a7-fc25969b84b6,236a06ea-80d7-5e37-90d8-7c58c2866428,0,full_video,0,58.5,58.5,1280,720,landscape,夜拍档烧烤烟火气烤串淄博烧烤,夜市 大排档 小吃街 人流环境或摊位氛围，来源标题/预览图指向“夜拍档烧烤烟火气烤串淄博烧烤”，适合用作氛围环境素材。,横屏、role:bbq_night_market、lens:atmosphere_context、餐饮、烧烤店、本地生活、夜市、大排档、小吃街、烤串、环境氛围、夜市场景、烟火气、环境空镜、无明显人物或人物非主体,餐饮、烧烤店、本地生活,夜市、大排档、小吃街、夜市、大排档、小吃街、烧烤摊、炭火烤炉、夜市环境,环境氛围、夜市场景、烟火气、环境空镜,无明显人物或人物非主体,公开小样、光厂水印、本地合规转码、待人工最终确认、尺寸合规、codec:h264、长视频待切片审核,夜拍档烧烤烟火气烤串淄博烧烤、夜市烧烤、大排档环境、夜市烟火气、夜市、大排档、小吃街、烤串,0.78,merchant-media/00000000-0000-4000-8000-000000000101/originals/108a50ee-705f-5e7b-a0a7-fc25969b84b6/source.mp4,merchant-media/00000000-0000-4000-8000-000000000101/originals/108a50ee-705f-5e7b-a0a7-fc25969b84b6/source.mp4,merchant-media/00000000-0000-4000-8000-000000000101/thumbs/108a50ee-705f-5e7b-a0a7-fc25969b84b6/236a06ea-80d7-5e37-90d8-7c58c2866428.jpg,基于来源标题、文件名、候选元数据和本地 contact sheet 进行保守人工打标；未做完整视频语义模型审核。 该文件超过 45 秒，已生成 segmentPlan，未物理切片。
merchant_media_library,094_36080856_成都玉林路吃火锅人文夜市夜宵烟火气小吃摊_compliant.mp4,02_合规尺寸转码测试版/094_36080856_成都玉林路吃火锅人文夜市夜宵烟火气小吃摊_compliant.mp4,a8304014-04d9-50d8-8dbe-538d2f840259,2b553f85-58fa-59d4-9688-1d076420f84e,0,full_video,0,351.24,351.24,1280,720,landscape,顾客用餐/夜宵社交 094（弱相关）,顾客吃饭 夜宵 聚餐或明确用餐社交，来源标题/预览图指向“成都玉林路吃火锅人文夜市夜宵烟火气小吃摊”，适合用作用餐社交素材。 该素材与烧烤店主题为弱相关，导入或剪辑前需要人工复核。,横屏、role:bbq_customer_eating、lens:social_proof、餐饮、烧烤店、本地生活、夜宵餐桌、堂食/户外用餐、夜市、小吃街、烧烤摊、火锅、用餐氛围、人物场景、烟火气、顾客用餐,餐饮、烧烤店、本地生活,夜宵餐桌、堂食/户外用餐、夜市、小吃街、烧烤摊,用餐氛围、人物场景、烟火气,顾客用餐,公开小样、光厂水印、本地合规转码、待人工最终确认、尺寸合规、codec:h264、长视频待切片审核、弱相关素材,成都玉林路吃火锅人文夜市夜宵烟火气小吃摊、顾客吃烧烤、夜宵聚餐、用餐氛围、夜宵餐桌、堂食/户外用餐、夜市、火锅,0.68,merchant-media/00000000-0000-4000-8000-000000000101/originals/a8304014-04d9-50d8-8dbe-538d2f840259/source.mp4,merchant-media/00000000-0000-4000-8000-000000000101/originals/a8304014-04d9-50d8-8dbe-538d2f840259/source.mp4,merchant-media/00000000-0000-4000-8000-000000000101/thumbs/a8304014-04d9-50d8-8dbe-538d2f840259/2b553f85-58fa-59d4-9688-1d076420f84e.jpg,基于来源标题、文件名、候选元数据和本地 contact sheet 进行保守人工打标；未做完整视频语义模型审核。 弱相关原因：火锅消费场景强于烧烤场景，只可作夜宵社交弱相关补镜。  该文件超过 45 秒，已生成 segmentPlan，未物理切片。
merchant_media_library,095_24193686_美食街小吃街夜市小吃逛街_compliant.mp4,02_合规尺寸转码测试版/095_24193686_美食街小吃街夜市小吃逛街_compliant.mp4,2aa88a51-de45-5742-acb0-3008caedaa28,9df08bd2-e97c-508c-90b2-6485410c55b8,0,full_video,0,122.04,122.04,1280,720,landscape,美食街小吃街夜市小吃逛街（弱相关）,夜市 大排档 小吃街 人流环境或摊位氛围，来源标题/预览图指向“美食街小吃街夜市小吃逛街”，适合用作氛围环境素材。 该素材与烧烤店主题为弱相关，导入或剪辑前需要人工复核。,横屏、role:bbq_night_market、lens:atmosphere_context、餐饮、烧烤店、本地生活、夜市、大排档、小吃街、羊肉串、肉串、烤串、生蚝、环境氛围、夜市场景、烟火气、环境空镜、人群入镜,餐饮、烧烤店、本地生活,夜市、大排档、小吃街、夜市、大排档、小吃街、烧烤摊、夜市环境,环境氛围、夜市场景、烟火气、环境空镜,人群入镜,公开小样、光厂水印、本地合规转码、待人工最终确认、尺寸合规、codec:h264、长视频待切片审核、弱相关素材,美食街小吃街夜市小吃逛街、夜市烧烤、大排档环境、夜市烟火气、夜市、大排档、小吃街、羊肉串、肉串、烤串,0.68,merchant-media/00000000-0000-4000-8000-000000000101/originals/2aa88a51-de45-5742-acb0-3008caedaa28/source.mp4,merchant-media/00000000-0000-4000-8000-000000000101/originals/2aa88a51-de45-5742-acb0-3008caedaa28/source.mp4,merchant-media/00000000-0000-4000-8000-000000000101/thumbs/2aa88a51-de45-5742-acb0-3008caedaa28/9df08bd2-e97c-508c-90b2-6485410c55b8.jpg,基于来源标题、文件名、候选元数据和本地 contact sheet 进行保守人工打标；未做完整视频语义模型审核。 弱相关原因：美食街逛街环境未明确烧烤，只作夜市环境弱相关补镜。  该文件超过 45 秒，已生成 segmentPlan，未物理切片。
